Source,Date,GPE/LOC
FOX,Maren_15,Russia
FOX,March_16,Russia
FOX,Maren_15,Russia
FOX,Maren_15,Belarus
FOX,March_22,US
FOX,March_22,Ukrainian
FOX,March_22,U.S.
FOX,March_22,Russia
FOX,March_22,Donetsk
FOX,March_22,Luhansk
FOX,March_22,Russia
FOX,March_22,Russia
FOX,March_25,Russia
FOX,March_25,Moscow
FOX,March_25,Ukraine
FOX,March_25,Russia
FOX,March_25,Russia
FOX,March_29,Ukraine
FOX,March_29,Turkey
FOX,March_29,Ukraine
FOX,March_29,Turkey
FOX,March_29,Ukraine
FOX,March_29,Ukraine
FOX,March_29,Ukraine
FOX,March_29,Russia
FOX,March_29,Ukraine
FOX,March_13,Russia
FOX,March_13,Ukraine
FOX,March_26,Luhansk
FOX,March_16,the United States
FOX,March_16,Ukraine
FOX,March_28,Russia
FOX,March_28,Ukrainian
FOX,March_28,Getty Images
FOX,March_28,Russia
FOX,March_28,U.S.
FOX,March_28,Ukraine
FOX,March_28,Russia
FOX,March_28,Russia
FOX,March_28,Telegram
FOX,March_28,Russia
FOX,March_25,Ursula
FOX,March_25,Leyen
FOX,March_25,Brussels
FOX,March_25,U.S.
FOX,March_25,Ukraine
FOX,March_12,Ukrainian
FOX,March_12,Mariupol
FOX,Maren_19,Luxembourg
FOX,March_23,Ukraine
FOX,March_28,Russia
FOX,March_28,Ukraine
FOX,March_28,U.S.
FOX,March_21,Russia
FOX,March_21,Ukraine
FOX,March_21,Russia
FOX,March_21,Ukraine
FOX,March_22,Russia
FOX,March_22,Ukraine
FOX,March_22,Ukrainian
FOX,March_28,Ukraine
FOX,March_28,UKRAINE
FOX,March_26,Ukraine
FOX,March_26,Ukraine
FOX,March_26,Russia
FOX,March_18,Ukraine
FOX,March_18,Ukraine
FOX,March_18,the Russian Federation
FOX,Maren_15,Ukraine Russia
FOX,Maren_15,Russia
FOX,Maren_15,Britain
FOX,Maren_15,Sweden
FOX,Maren_15,Russia
FOX,Maren_15,Russia
FOX,Maren_15,Ukraine
FOX,Maren_15,Ukraine
FOX,Maren_15,London
FOX,March_29,Russia
FOX,March_17,Ukrainian
FOX,March_19,the United States
FOX,March_19,France
FOX,March_19,the United States
FOX,March_19,France
FOX,March_18,China
FOX,March_18,Russia
FOX,March_18,Ukraine
FOX,March_18,China
FOX,March_18,Russia
FOX,March_18,Ukraine
FOX,March_18,U.S.
FOX,March_18,China
FOX,March_18,Russia
FOX,March_18,Ukraine
FOX,March_18,U.S.
FOX,March_18,China
FOX,March_18,Russia
FOX,March_18,Ukraine
FOX,March_18,Beijing
FOX,March_18,Moscow
FOX,March_18,Russia
FOX,March_21,Ukraine
FOX,March_21,Ukraine
FOX,March_21,Mariupol
FOX,March_29,Russia
FOX,March_29,Donbas
FOX,March_29,U.S.
FOX,March_29,Donbas
FOX,March_29,Ukraine
FOX,March_29,Donbas
FOX,March_29,Ukraine
FOX,March_29,Ukraine
FOX,March_29,Russia
FOX,March_24,US
FOX,March_24,Russia
FOX,March_24,the United States
FOX,March_24,U.S.
FOX,March_24,the United States
FOX,March_24,Ukraine
FOX,March_24,Russia
FOX,March_24,Russia
FOX,March_24,Ukraine
FOX,March_24,US
FOX,March_18,Ukraine
FOX,March_18,America
FOX,March_18,Lviv
FOX,March_24,Russia
FOX,March_24,Ukraine
FOX,ch_24th_,Ukraine
FOX,March_16,Ukraine
FOX,March_16,Ukraine
FOX,March_29,Ukraine
FOX,March_29,Russia
FOX,March_29,Istanbul
FOX,March_29,Turkey
FOX,March_29,Russia
FOX,March_29,Ukraine
FOX,March_29,Russia
FOX,March_29,Ukraine
FOX,March_14,Ukraine
FOX,March_24,Ukraine
FOX,March_26,Poland
FOX,March_26,Warsaw
FOX,March_26,Ukrainian
FOX,March_26,Warsaw
FOX,March_26,Poland
FOX,March_26,Ukrainian
FOX,March_26,Poland
FOX,March_25,Russia
FOX,March_25,Ukraine
FOX,March_25,Russia
FOX,March_25,Ukraine
FOX,March_25,Georgia
FOX,March_25,Russia
FOX,March_25,Ukraine
FOX,March_25,Russia
FOX,March_25,Ukraine
FOX,March_25,Ukraine
FOX,March_21,Ukraine
FOX,March_21,Russia
FOX,March_21,The United Kingdom's
FOX,March_21,Ukraine
FOX,March_21,Russia
FOX,March_14,Russia
FOX,March_14,Ukraine
FOX,March_14,Poland
FOX,March_14,Russia
FOX,March_14,Ukraine
FOX,March_13,Arkansas
FOX,March_13,Arkansas
FOX,March_13,Little Rock
FOX,March_13,Ukraine
FOX,March_18,China
FOX,March_18,U.S.
FOX,March_18,Beijing
FOX,March_18,China
FOX,March_18,U.S.
FOX,March_18,Beijing
FOX,March_18,Russia
FOX,March_18,the United States
FOX,March_18,PRC
FOX,March_18,Russia
FOX,March_18,Ukraine
FOX,March_18,Beijing
FOX,March_18,Russia
FOX,March_18,Ukraine
FOX,March_22,Ukraine
FOX,March_22,Ukraine
FOX,March_22,Getty Images
FOX,March_22,Ukraine
FOX,March_22,Russia
FOX,March_22,Ukraine
FOX,March_27,Russia
FOX,March_27,U.S.
FOX,March_14,Kyiv
FOX,March_28,Russia
FOX,March_28,Ukraine
FOX,March_13,U.S.
FOX,March_13,Ukraine
FOX,March_13,U.S.
FOX,March_13,United States
FOX,March_13,the Russian Federation
FOX,March_13,Ukraine
FOX,March_13,Poland
FOX,March_25,Ukraine
FOX,March_25,Russia
FOX,March_25,Russia
FOX,March_25,Ukraine
FOX,March_25,Russia
FOX,March_25,Ukrainian
FOX,March_25,Russia
FOX,March_25,Ukraine
FOX,March_25,Russia
FOX,March_25,Russia
FOX,March_25,Donetsk
FOX,March_25,Luhansk
FOX,March_25,Ukraine
FOX,March_25,Russia
FOX,March_12,Russia
FOX,March_23,U.S.
FOX,March_23,Ukraine
FOX,March_18,Ukrainian
FOX,March_18,Ukraine
FOX,March_18,Sweden
FOX,March_15,UK
FOX,March_15,Russia
FOX,March_15,The United Kingdom
FOX,March_15,Russia
FOX,March_15,U.K.
FOX,March_15,G7
FOX,March_15,Moscow
FOX,March_22,Ukraine Ukraine
FOX,March_22,Ukraine
FOX,March_21,Ukraine
FOX,March_21,Ashley Strohmier
FOX,March_19,Russia
FOX,March_19,Ukraine
FOX,March_19,Ukraine
FOX,March_15,Ukraine
FOX,March_15,Ukraine
FOX,March_16,US
FOX,March_16,UKRAINE
FOX,Maren_17,Russia
FOX,Maren_17,U.S.
FOX,Maren_17,Russia
FOX,Maren_17,Ukraine
FOX,Maren_17,Germany
FOX,March_22,U.S.
FOX,March_22,Russia
FOX,March_22,Russia
FOX,March_29,France
FOX,March_29,Germany
FOX,March_29,Italy
FOX,March_29,the United Kingdom
FOX,March_29,Russia
FOX,March_29,Ukraine
FOX,March_29,Ukraine
FOX,March_29,Ukraine
FOX,March_29,Mariupol
FOX,March_29,Russia
FOX,March_29,Ukrainian
FOX,March_18,India
FOX,March_18,Russia
FOX,March_18,India
FOX,March_18,Russia
FOX,March_18,U.S.
FOX,March_25,Ukraine
FOX,March_21,China
FOX,March_21,rOmCM
FOX,March_17,Ukraine
FOX,March_29,US
FOX,March_29,Ukraine
FOX,March_29,Russia
FOX,March_29,the United States
FOX,March_29,Russia
FOX,March_29,Ukraine
FOX,March_29,Singapore
FOX,March_29,Russia
FOX,March_29,Ukraine
FOX,March_29,US
FOX,March_29,Ukraine
FOX,March_29,Russia
FOX,March_19,Russia
FOX,March_19,Moscow
FOX,March_19,Russia
FOX,March_19,Ukraine
FOX,March_19,Ukraine
FOX,March_19,Ukraine
FOX,March_19,Russia
FOX,March_19,Russia
FOX,March_19,Russia
FOX,March_19,Ukraine
FOX,March_19,Ukraine
FOX,March_19,Crimea
FOX,March_19,Russia
FOX,March_19,UK
FOX,March_19,Russia
FOX,March_19,Ukraine
FOX,March_22,Ukrainian
FOX,March_22,Lviv
FOX,March_26,Russia
FOX,March_13,US
FOX,March_13,US
FOX,March_13,Russia
FOX,March_13,Russia
FOX,March_16,US
FOX,March_16,U.S.
FOX,March_16,Ukraine
FOX,March_16,U.S.
FOX,March_16,U.S.
FOX,March_16,America
FOX,March_16,Ukraine
FOX,March_16,UKRAINE
FOX,March_21,Ukraine
FOX,March_21,Ukraine
FOX,March_21,Ukraine
FOX,March_16,Ukraine
FOX,March_29,US
FOX,March_29,Morocco
FOX,March_21,Ukraine
FOX,March_21,Russia
FOX,March_21,Ukraine
FOX,March_21,Ukraine
FOX,March_21,Russia
FOX,March_21,Ukraine
FOX,March_21,Mariupol
FOX,Maren_17,Ukraine
FOX,March_26,U.S.
FOX,March_26,U.S.
FOX,March_26,Ukraine
FOX,March_26,the United States
FOX,March_26,U.S.
FOX,March_26,Ukraine
FOX,March_26,S United States
FOX,March_26,Poland
FOX,March_26,Ukraine
FOX,March_26,the United States
FOX,March_27,Lviv
FOX,March_27,Poland
FOX,March_25,Russia
FOX,March_25,Russia
FOX,March_25,Ukraine
FOX,March_12,Melitopol
FOX,March_12,Melitopol
FOX,March_12,Ukraine
FOX,March_12,Ukraine
FOX,March_12,Russia
FOX,March_12,Ukraine
FOX,March_12,Vasikyiv
FOX,March_18,UKRAINE
FOX,March_18,Russia
FOX,March_21,US
FOX,March_21,U.S.
FOX,March_21,Russia
FOX,March_21,America
FOX,March_21,U.S.
FOX,March_21,Ukraine
FOX,Maren_15,Iran
FOX,Maren_15,Russia
FOX,Maren_15,Iran
FOX,Maren_15,the Russian Federation
FOX,Maren_15,Iran
FOX,March_16,Russia
FOX,March_16,Ukraine
FOX,March_16,Ukraine
FOX,March_16,Russia
FOX,March_16,Ukraine
FOX,March_16,Russia
FOX,March_16,Russia
FOX,March_16,Ukraine
FOX,March_16,Ukraine
FOX,March_16,Russia
FOX,March_16,Russia
FOX,March_16,Russia
FOX,Maren_19,Russia
FOX,Maren_19,China
FOX,Maren_19,Russia
FOX,Maren_19,China
FOX,Maren_19,China
FOX,Maren_19,Russia
FOX,Maren_19,U.S.
FOX,Maren_19,China
FOX,Maren_19,Russia
FOX,March_28,Russia
FOX,March_28,Ukraine
FOX,March_28,Russia
FOX,March_21,Russia
FOX,March_21,Russia
FOX,March_21,Ukraine
FOX,March_21,Russia
FOX,March_21,Ukraine
FOX,March_21,Russia
FOX,March_21,Ukraine
FOX,March_16,Ukraine
FOX,March_16,UKRAINE
FOX,March_26,Ukraine
FOX,March_26,Ukraine
FOX,March_26,Ukraine
FOX,March_26,Ukraine
FOX,March_26,Makariy Kyiv
FOX,March_26,Russia
FOX,March_18,Texepanbunii
FOX,March_18,Ukraine
FOX,March_18,Bacunb
FOX,March_18,Ukraine
FOX,March_18,Vasyl Shtefko
FOX,March_18,Kushnytsia
FOX,March_18,Transcarpathia
FOX,March_28,Russia
FOX,March_28,Ukraine
FOX,March_28,Russia
FOX,March_28,Ukraine
FOX,March_28,Russia
FOX,March_28,Ukraine
FOX,March_28,Ukraine
FOX,March_28,Ukraine
FOX,March_28,Russia
FOX,March_24,Ukraine
FOX,March_24,Ukraine
FOX,March_24,Ukraine
FOX,March_24,Russia
FOX,March_24,Crimea
FOX,March_24,U.S.
FOX,March_14,Ukraine
FOX,March_14,Russia
FOX,March_14,Ukraine
FOX,March_14,Russia
FOX,March_15,Estonia
FOX,March_16,Ukraine
FOX,March_16,Russia
FOX,March_16,Ukraine
FOX,March_16,Ukraine
FOX,March_16,Ukraine
FOX,March_16,Ukraine
FOX,March_16,Ukrainian
FOX,March_16,Russia
FOX,March_16,Ukraine
FOX,March_16,WASHINGTON
FOX,March_16,Estonia
FOX,March_16,Latvia
FOX,March_16,Russia
FOX,March_16,Ukraine
FOX,March_16,the Soviet Union
FOX,March_16,Russia
FOX,March_26,Poland
FOX,March_26,Ukraine
FOX,March_26,Russia
FOX,March_26,Russia
FOX,March_13,Ukrainian
FOX,March_13,the Lviv Oblast
FOX,March_13,Lviv
FOX,March_13,Poland
FOX,March_15,Russia
FOX,March_15,Ukraine
FOX,March_13,Philippines
FOX,March_13,Ukraine
FOX,March_13,Russia
FOX,March_13,Ukraine
FOX,March_13,Manila
FOX,March_13,Ukraine
FOX,March_13,Russia
FOX,March_13,Philippines
FOX,March_13,Philippines
FOX,March_13,Manila
FOX,March_13,Philippines
FOX,March_13,the United States
FOX,March_29,Ukrainian
FOX,March_29,Istanbul
FOX,March_29,Ukrainian
FOX,March_29,Istanbul
FOX,March_16,UKRAINE
FOX,March_16,Ukraine
FOX,March_16,Ukraine
FOX,March_16,Poland
FOX,March_26,Ukraine
FOX,March_26,Russia
FOX,March_26,Lviv
FOX,March_26,Ukraine
FOX,March_26,Warsaw
FOX,March_26,Poland
FOX,March_26,Lviv
FOX,Maren_15,China
FOX,Maren_15,Ukraine
FOX,Maren_15,China
FOX,Maren_15,Ukraine
FOX,Maren_15,US
FOX,Maren_15,China
FOX,Maren_15,China
FOX,Maren_15,Ukraine
FOX,Maren_15,Ukraine
FOX,Maren_15,China
FOX,Maren_15,Ukraine
FOX,March_12,Ukraine
FOX,March_12,Lviv
FOX,March_25,Russia
FOX,March_25,Russia
FOX,March_25,Donetsk
FOX,March_25,Luhansk
FOX,March_25,Russia
FOX,March_25,Russia
FOX,March_25,Luhansk
FOX,March_25,Luhansk
FOX,March_29,Ukraine
FOX,March_29,Poland
FOX,March_15,Ukraine
FOX,March_15,Ukraine
FOX,March_15,Ukraine
FOX,March_15,Ukraine
FOX,March_26,Minnesota
FOX,March_26,Russia
FOX,March_26,Russia
FOX,March_26,Ukraine
FOX,March_26,Ukraine
FOX,March_26,Ukraine
FOX,March_26,Rusia
FOX,March_26,WASHINGTON
FOX,March_26,Usaine
FOX,March_26,Moscow
FOX,March_26,Minnesota
FOX,March_26,Minnesota
FOX,March_26,Russia
FOX,March_26,U.S.
FOX,March_26,Moscow
FOX,March_26,Ukraine
FOX,March_26,Ukraine
FOX,March_26,Russia
FOX,March_26,U.S.
FOX,March_26,Moscow
FOX,March_26,Russia
FOX,March_24,Russia
FOX,March_24,Russia
FOX,March_24,Russia
FOX,March_24,Russia
FOX,March_24,Moscow
FOX,March_24,Uk
FOX,March_15,Taiwan
FOX,March_15,Russia
FOX,March_15,Taipei
FOX,March_15,Taipei
FOX,March_15,Ukraine
FOX,March_15,Russia
FOX,March_15,Ukraine
FOX,March_15,Taiwan
FOX,March_15,China
FOX,March_15,Ukrainian
FOX,March_15,Taiwan
FOX,March_15,Ukraine
FOX,March_18,Ukraine
FOX,March_17,Ukraine
FOX,March_17,Ukraine
FOX,March_17,Ukraine
FOX,March_17,Chemihiv
FOX,March_17,U.S.
FOX,March_29,Mykolaiv
FOX,March_29,Denmark
FOX,March_16,Ukraine
FOX,March_27,America
FOX,March_27,Ukraine
FOX,March_27,Ukraine
FOX,March_24,Ukraine
FOX,March_29,Russia
FOX,March_29,Russia
FOX,March_29,Ukraine
FOX,March_29,Russia
FOX,March_29,Belgorod
FOX,March_29,Ukrainian
FOX,March_29,Kharkiv
FOX,March_22,US
FOX,March_22,Russia
FOX,March_22,Ukraine
FOX,March_22,Ukraine
FOX,March_22,US
FOX,March_22,Ukraine
FOX,March_22,Russia
FOX,March_22,Ukraine
FOX,March_22,U.S.
FOX,March_22,Ukraine
FOX,March_14,Ukraine
FOX,Maren_17,Russia
FOX,Maren_17,Ukraine
FOX,March_12,Ukraine
FOX,March_12,Ukraine
FOX,March_14,China
FOX,March_14,Russia
FOX,March_14,China
FOX,March_14,Washington D.C.
FOX,March_14,Russia
FOX,March_14,Ukraine
FOX,March_15,Ukraine
FOX,March_15,UK
FOX,March_15,Russia
FOX,March_15,LONDON
FOX,March_15,London
FOX,March_15,Poland
FOX,March_15,Hungary
FOX,March_15,Czech Republic
FOX,March_15,Slovakia
FOX,March_15,Ukraine
FOX,March_15,U.K.
FOX,March_15,UK
FOX,March_15,Russia
FOX,March_15,Russia
FOX,March_15,Ukraine
FOX,March_15,U.S.
FOX,March_15,Ukraine
FOX,March_15,Russia
FOX,March_15,Danielle
FOX,March_15,Ukraine
FOX,March_15,Russia
FOX,March_15,U.S.
FOX,March_15,Ukraine
FOX,March_15,US
FOX,March_15,Chernihiv
FOX,March_15,Russia
FOX,March_15,Russia
FOX,March_15,Ukraine
FOX,March_15,Ukraine
FOX,March_15,Ukraine
FOX,March_15,U.S.
FOX,March_15,Ukraine
FOX,March_15,Russia
FOX,March_15,Ukraine
FOX,March_26,Ukraine
FOX,March_26,Russia
FOX,March_26,Ukraine
FOX,March_24,Brussels
FOX,March_24,Belgium
FOX,March_24,Brussels
FOX,March_24,G7
FOX,March_24,Russia
FOX,March_24,Brussels
FOX,March_24,Poland
FOX,March_24,Washington
FOX,March_24,Ukraine
FOX,March_24,Russia
FOX,March_24,Ukraine
FOX,March_24,Ukraine
FOX,March_24,Ukraine
FOX,March_24,Berdyansk
FOX,March_24,Ukraine
FOX,March_24,Russia
FOX,March_24,Ukraine
FOX,Maren_17,Switzerland
FOX,Maren_17,Russia
FOX,Maren_17,Ukraine
FOX,Maren_17,Russia
FOX,Maren_17,Russia
FOX,Maren_17,Russia
FOX,March_12,Ukraine
FOX,March_15,UK
FOX,March_15,Ukraine
FOX,March_15,U.K.
FOX,March_15,Russia
FOX,March_15,Belarus
FOX,March_15,Moscow
FOX,March_15,Ukraine
FOX,March_15,U.K.
FOX,March_29,Russia
FOX,March_29,Ukraine
FOX,March_29,Ukraine
FOX,March_29,Ukraine
FOX,March_29,Ukraine
FOX,March_29,Russia
FOX,Maren_19,Russia
FOX,Maren_19,Ukraine
FOX,Maren_17,Ukraine
FOX,Maren_17,Ukrainian
FOX,March_25,Ukraine
FOX,March_25,Russia
FOX,March_25,U.S.
FOX,March_25,Moscow
FOX,March_25,Russia
FOX,March_17,Italy
FOX,March_17,Italy
FOX,March_17,Russia
FOX,March_17,Belarus
FOX,March_13,Russia
FOX,March_13,Ukrainian
FOX,March_13,Ukraine
FOX,March_19,Russia
FOX,March_25,US
FOX,March_25,U.S.
FOX,March_25,Russia
FOX,March_25,Ukraine
FOX,March_25,Russia
FOX,March_25,Russia
FOX,March_22,Ukraine
FOX,March_29,Ukraine Rafael MarianoGro
FOX,March_22,Ukraine
FOX,March_22,Ukraine
FOX,March_22,Ukraine
FOX,March_22,Mariupol
FOX,March_22,Russia
FOX,March_22,China
FOX,March_22,Russia
FOX,March_22,Ukraine
FOX,March_22,China
FOX,March_22,Russia
FOX,March_22,Ukraine
FOX,March_22,Russia
FOX,March_22,China
FOX,March_22,Russia
FOX,March_22,Ukraine
FOX,March_22,Russia
FOX,March_22,US
FOX,March_22,Moscow
FOX,March_22,Russia
FOX,March_22,Moscow
FOX,March_22,U.S.
FOX,March_22,Russia
FOX,March_22,Russia
FOX,March_22,Russia
FOX,March_22,U.S.
FOX,March_22,U.S.
FOX,March_22,U.S.
FOX,March_22,New York
FOX,March_22,Belgium
FOX,March_22,Russia
FOX,March_22,Russia
FOX,March_22,Russia
FOX,March_22,Moscow
FOX,March_22,Texas
FOX,March_22,Brussels
FOX,March_22,Poland
FOX,March_22,Ukraine
FOX,March_22,Ukraine
FOX,March_22,Russia
FOX,March_22,UK
FOX,March_22,Ukraine
FOX,March_22,UK
FOX,March_22,Ukraine
FOX,March_22,Brussels
FOX,March_22,Ukraine
FOX,March_22,UK
FOX,March_22,Russia
FOX,March_22,Ukraine
FOX,March_22,The United Kingdom
FOX,March_22,Ukraine
FOX,March_22,Ukraine
FOX,March_22,Finland
FOX,March_22,Finland
FOX,March_22,Russia
FOX,March_22,Ukraine
FOX,March_22,Finland
FOX,March_22,US
FOX,March_22,Ukraine
FOX,March_22,Russia
FOX,March_22,Russia
FOX,March_22,Ukraine
FOX,March_22,U.S.
FOX,March_22,Russia
FOX,March_22,US
FOX,March_22,Ukraine
FOX,March_22,Russia
FOX,March_22,Ukraine
FOX,March_22,Ukraine Nikita's
FOX,March_22,Ukraine
FOX,March_22,U.S.
FOX,March_22,Ukraine
FOX,March_22,U.S.
FOX,March_22,Ukraine
FOX,March_22,Russia
FOX,March_22,Ukraine
FOX,March_22,Tennessee
FOX,March_22,Ukrainian
FOX,March_22,Tennessee
FOX,March_22,Ukraine
FOX,March_22,St. Jude
FOX,March_22,Memphis
FOX,March_22,U.S.
FOX,March_22,Ukrainian
FOX,March_22,Russia
FOX,March_22,Russia
FOX,March_22,Maggi
FOX,March_22,Russia
FOX,March_22,Russia
FOX,March_22,Ukraine
FOX,March_22,U.S.
FOX,March_22,Russia
FOX,March_22,Ukraine
FOX,March_22,U.S.
FOX,March_22,Russia
FOX,March_22,Ukraine
FOX,March_22,Blinken
FOX,March_22,US
FOX,March_22,Russia
FOX,March_22,Ukraine
FOX,March_22,Moscow
FOX,March_22,Russia
FOX,March_22,Mediazona
FOX,March_22,Shoigu
FOX,March_22,Shoigu
FOX,March_22,Shoigu
FOX,March_22,Ukraine
FOX,March_22,Ukraine
FOX,March_22,Russia
FOX,March_22,Ukraine
FOX,March_22,Italy
FOX,March_22,Ukraine
FOX,March_22,Ukraine
FOX,March_22,Russia
FOX,March_22,Russia
FOX,March_22,Ukraine
FOX,March_22,Russia
FOX,March_22,Ukraine
FOX,March_22,Ukraine
FOX,March_22,Brussels
FOX,March_22,Ukraine
FOX,March_22,Ukraine
FOX,March_22,Ukrainian
FOX,March_22,Ukraine
FOX,March_22,Ukraine
FOX,March_22,Ukraine
FOX,March_22,Poland
FOX,March_22,Ukraine
FOX,March_22,Ukraine
FOX,March_22,Belarus
FOX,March_22,Ukraine
FOX,March_22,Ukraine
FOX,March_22,France
FOX,March_22,Ukraine
FOX,March_22,Russia
FOX,March_22,France
FOX,March_22,Russia
FOX,March_22,South Lawn
FOX,March_22,Brussels
FOX,March_22,Belgium
FOX,March_22,Poland
FOX,March_22,Ukraine
FOX,March_22,Russia
FOX,March_22,the United States
FOX,March_22,Ill
FOX,March_22,Ukraine
FOX,March_22,Ukraine
FOX,March_22,Crimea
FOX,March_22,Russia
FOX,March_22,Ukraine
FOX,March_22,Ukraine
FOX,March_22,Donbas
FOX,March_22,U.S
FOX,March_22,Ukraine
FOX,March_22,Ukraine
FOX,March_22,Stoltenberg
FOX,March_22,Ukraine
FOX,March_22,Russia
FOX,March_22,Russia
FOX,March_22,Ukraine
FOX,March_22,Ukraine
FOX,March_22,Russia
FOX,March_22,Poland
FOX,March_22,Ukraine
FOX,March_22,Ukraine
FOX,March_22,Brussels
FOX,March_22,Bulgaria
FOX,March_22,Hungary
FOX,March_22,Romania
FOX,March_22,Slovakia
FOX,March_22,Poland
FOX,March_22,Stoltenberg
FOX,March_22,Russia
FOX,March_22,Ukraine
FOX,March_22,Ukraine
FOX,March_22,Russia
FOX,March_22,Ukraine
FOX,March_22,Ohio
FOX,March_22,Ukraine
FOX,March_22,Ukrainian
FOX,March_22,Ohio
FOX,March_22,the United States
FOX,March_22,Ukraine
FOX,March_22,Ukraine
FOX,March_22,the United States
FOX,March_22,the United States
FOX,March_22,Poland
FOX,March_22,Poland
FOX,March_22,Poland
FOX,March_22,Warsaw
FOX,March_22,Poland
FOX,March_22,Russia
FOX,March_22,Indonesia
FOX,March_22,Ukraine
FOX,March_22,Bali
FOX,March_22,Indonesia
FOX,March_22,Russia
FOX,March_22,Jakarta
FOX,March_22,Ukraine
FOX,March_22,Ukrainian
FOX,March_22,Ohio
FOX,March_22,Russia
FOX,March_22,Russia
FOX,March_22,Russia
FOX,March_13,Iran
FOX,March_13,Russia
FOX,March_13,Ukraine
FOX,March_12,Russia
FOX,March_12,Ukraine
FOX,March_12,Russia
FOX,March_12,Russia
FOX,March_17,Ukraine
FOX,March_17,China
FOX,March_17,Russia
FOX,March_17,China
FOX,March_17,Ukraine
FOX,March_17,Lviv
FOX,March_17,Ukraine
FOX,March_17,Kyiv
FOX,March_17,Lviv
FOX,March_17,Lviv
FOX,March_13,Ukrainian
FOX,March_13,Brusyn
FOX,March_13,Ukraine
FOX,March_13,Ukraine
FOX,March_28,Slovenia
FOX,March_28,Ukraine
FOX,March_28,Lukyanivka
FOX,March_28,Slovenia
FOX,March_28,Kyiv
FOX,March_28,Slovenia
FOX,March_28,Ukraine
FOX,March_28,Poland
FOX,March_28,the Czech Republic
FOX,March_28,Slovenia
FOX,March_14,Ukraine
FOX,March_14,Russia
FOX,March_14,Ukraine
FOX,March_14,the United States
FOX,March_14,Ukraine
FOX,March_18,US
FOX,March_18,Russia
FOX,March_18,Ukraine
FOX,March_18,US
FOX,March_18,Russia
FOX,March_18,Russia
FOX,March_18,U.S.
FOX,March_18,Russia
FOX,March_18,Ukraine
FOX,March_18,Russia
FOX,March_18,Russia
FOX,March_18,Ukraine
FOX,March_18,Russia
FOX,March_18,Russia
FOX,March_18,Ukraine
FOX,March_18,Ukraine
FOX,March_18,China
FOX,March_18,Beijing
FOX,March_18,Russia
FOX,March_18,The United Kingdom's
FOX,March_18,Ukraine
FOX,March_18,Russia
FOX,March_18,Russia
FOX,March_18,Russia
FOX,March_18,Ukraine
FOX,March_18,Russia
FOX,March_18,Ukraine
FOX,March_18,Moscow
FOX,March_18,Russia
FOX,March_18,China
FOX,March_18,Russia
FOX,March_18,Ukraine
FOX,March_18,Beijing
FOX,March_18,Russia
FOX,March_18,Ukraine
FOX,March_27,Ukraine
FOX,March_16,Russia
FOX,March_16,New Jersey
FOX,March_16,Ukraine
FOX,March_16,Ukraine
FOX,March_16,Ukraine
FOX,March_16,U.S.
FOX,March_16,Ukraine
FOX,March_16,New York City
FOX,March_13,US
FOX,March_13,US
FOX,March_13,U.S.
FOX,March_13,Russia
FOX,March_13,Ukraine
FOX,March_13,U.S.
FOX,March_15,Ukraine
FOX,March_15,Ukraine
FOX,March_15,Ukrainian
FOX,March_15,Ukraine
FOX,March_24,@USEmbassykyiv Ukraine
FOX,March_24,Ukraine
FOX,March_12,Ukraine
FOX,March_12,Calif.
FOX,March_12,Ukraine
FOX,March_12,U.S.
FOX,March_12,U.S.
FOX,March_12,Ukraine
FOX,March_12,Ukraine
FOX,March_12,U.S.
FOX,March_12,Russia
FOX,March_24,Beijing
FOX,March_24,China
FOX,March_24,China
FOX,March_24,Ukraine
FOX,March_24,China
FOX,March_24,Russia
FOX,March_24,Brussels
FOX,March_21,Russia
FOX,March_21,Russia
FOX,March_21,Moscow
FOX,March_21,Russia
FOX,March_21,Russia
FOX,March_21,Ukraine
FOX,March_15,Russia
FOX,March_15,Russia
FOX,March_15,Rivne
FOX,March_15,Rivne
FOX,March_15,Ukraine
FOX,March_14,Russia
FOX,March_14,Ukraine
FOX,March_14,US
FOX,March_14,Ukraine
FOX,March_14,UKRAINE
FOX,March_12,Russia
FOX,March_12,the United States
FOX,March_12,Ukrainian
FOX,March_12,Russia
FOX,March_17,Russia
FOX,March_17,Ukraine
FOX,March_17,Russia
FOX,March_17,Ukraine
FOX,March_17,Russia
FOX,March_29,Ukraine
FOX,March_29,Irpin
FOX,March_29,Irpin
FOX,March_29,U.S.
FOX,March_29,Irpin
FOX,March_12,Ukraine
FOX,March_12,Ukraine
FOX,March_12,Ukraine
FOX,March_12,Russia
FOX,March_28,Russia
FOX,March_28,Ukraine
FOX,March_28,Ukraine
FOX,March_28,Warsaw
FOX,March_28,Poland
FOX,March_28,Ukraine
FOX,March_28,Russia
FOX,March_28,Ukraine
FOX,March_28,U.S.-Russia
FOX,March_28,Russia
FOX,March_28,Ukraine
FOX,March_28,Turkey
FOX,March_28,Russia
FOX,March_28,Russia
FOX,March_28,Ukraine
FOX,March_28,Russia
FOX,March_28,Ukraine
FOX,March_28,Ukraine Putin's
FOX,March_28,Credibull
FOX,March_14,Ukraine
FOX,March_14,Russia
FOX,March_14,Irpin City
FOX,March_14,Ukraine
FOX,Maren_19,Russia
FOX,March_24,UK
FOX,March_24,Russia
FOX,March_24,Brussels
FOX,March_24,U.K.
FOX,March_24,Russia
FOX,March_24,Ukraine
FOX,March_24,Tinkoff
FOX,March_24,Russia
FOX,March_24,Russia
FOX,March_24,Melitopol
FOX,March_24,U.K.
FOX,March_24,Ukraine
FOX,March_24,Brussels
FOX,March_24,U.K.
FOX,March_24,Ukraine
FOX,March_28,Russia
FOX,March_28,Ukrainian
FOX,March_28,Turkey
FOX,March_28,UKRAINE
FOX,March_22,United States
FOX,March_22,Germany
FOX,March_22,Russia
FOX,March_22,Ukraine
FOX,March_22,Russia
FOX,March_22,Russia
FOX,March_22,Ukraine
FOX,March_16,Ukraine
FOX,March_16,Ukraine
FOX,March_22,Turkey
FOX,March_22,Turkey
FOX,March_22,Ukraine
FOX,March_22,Turkey
FOX,March_22,Russia
FOX,March_22,Ukraine
FOX,March_16,Kherson
FOX,March_16,Ukraine
FOX,March_16,Ukraine
FOX,Maren_15,Russia
FOX,Maren_15,Russia
FOX,March_21,Ukrainian
FOX,March_18,Ukraine
FOX,March_18,Russia
FOX,March_18,Ukraine
FOX,March_12,Guatemala
FOX,March_12,Guatemala
FOX,March_12,Guatemala
FOX,March_12,Ukraine
FOX,March_12,Ukraine
FOX,March_12,Poland
FOX,March_12,Moldova
FOX,March_12,Hungary
FOX,March_12,Romania
FOX,March_18,Ukraine
FOX,March_15,Kuvshynova
FOX,March_15,Ukraine
FOX,Maren_17,Ukraine
FOX,Maren_17,China
FOX,Maren_17,Russia
FOX,Maren_17,China
FOX,Maren_17,Ukraine
FOX,Maren_17,Lviv
FOX,Maren_17,Ukraine
FOX,Maren_17,Kyiv
FOX,Maren_17,Lviv
FOX,Maren_17,Lviv
FOX,March_15,Kuvshynova
FOX,March_15,Ukraine
FOX,March_15,Ukraine
FOX,March_15,Ukraine
FOX,March_15,Oleksandra
FOX,March_27,Ukrainian
FOX,March_16,Russia
FOX,March_16,Ukraine
FOX,March_16,Mariupol
FOX,March_16,Ukraine
FOX,March_16,Russia
FOX,March_16,Mariupol
FOX,March_16,Ukraine
FOX,March_16,Russia
FOX,Maren_19,Russia
FOX,Maren_19,Ukraine
FOX,Maren_19,Russia
FOX,Maren_19,Ukraine
FOX,Maren_19,Russia
FOX,Maren_19,Russia
FOX,March_30,Ukraine
FOX,March_30,Ukraine
FOX,March_30,Turkey
FOX,March_30,Ukraine
FOX,March_30,Ukraine
FOX,March_30,Ukraine
FOX,March_30,Ukraine
FOX,March_30,Russia
FOX,March_30,Interfax
FOX,March_30,Ukraine
FOX,March_30,Zhuravlyovka
FOX,March_30,Belgorod
FOX,March_30,Ukraine
FOX,March_30,Ukraine
FOX,March_30,Russia
FOX,March_24,Ukraine
FOX,March_24,Ukraine
FOX,March_24,Ukraine
FOX,March_24,Ukraine
FOX,March_24,Ukraine
FOX,March_26,Ukraine
FOX,March_26,Ukraine
FOX,March_26,Ukraine
FOX,March_26,Russia
FOX,March_24,Russia
FOX,March_24,Russia
FOX,March_21,Retroville
FOX,March_21,Retroville
FOX,March_21,Ukraine
FOX,March_21,oS
FOX,March_29,Ukraine
FOX,March_13,Ukraine
FOX,March_13,Ukraine
FOX,March_26,Ukraine
FOX,March_26,Qatar
FOX,March_26,Russia
FOX,March_26,Ukraine
FOX,March_24,Russia
FOX,March_24,Moscow
FOX,March_24,Moscow
FOX,March_24,Russia
FOX,March_24,Russia
FOX,March_24,Russia
FOX,March_24,Britain
FOX,March_24,Russia
FOX,March_24,U.S
FOX,March_24,Russia
FOX,March_24,Ukraine
FOX,March_24,Ukraine
FOX,March_24,Ukraine
FOX,March_24,Russia
FOX,March_26,Italy
FOX,March_26,Russia
FOX,March_26,Italy
FOX,March_26,Ukraine
FOX,March_26,Ina
FOX,March_26,Draghi
FOX,Maren_15,Ukraine
FOX,Maren_15,Ukraine
FOX,Maren_15,Russia
FOX,Maren_15,America
FOX,Maren_15,Ukraine
FOX,Maren_15,America
FOX,Maren_15,Ukraine
FOX,Maren_15,The United States
FOX,March_29,Ukraine
FOX,March_29,Brussels
FOX,March_29,Ukraine
FOX,March_29,Georgia
FOX,March_29,Japan
FOX,March_29,the Republic of Korea
FOX,March_29,Sweden
FOX,March_29,Ukraine
FOX,March_21,Ukrainian
FOX,March_26,New York City
FOX,March_26,Ukraine
FOX,March_26,Russia
FOX,March_12,Russia
FOX,March_12,Ukraine
FOX,March_12,Rosatom
FOX,March_12,Grossi
FOX,March_12,Ukraine
FOX,March_12,Kotin
FOX,March_12,Kotin
FOX,March_12,the Russian Federation
FOX,March_12,Ukraine
FOX,March_12,Ukraine
FOX,March_16,Ukraine
FOX,March_16,Ukraine
FOX,March_16,U.S.
FOX,March_16,Russia
FOX,March_24,Russia
FOX,March_24,Ukraine
FOX,March_24,Russia
FOX,March_24,Ukraine
FOX,March_24,South Africa
FOX,March_24,Russia Ukraine's
FOX,March_24,Russia
FOX,March_24,China
FOX,March_24,Ukraine
FOX,March_24,Russia
FOX,March_24,Ukraine
FOX,March_16,Ukraine
FOX,March_14,Ukraine
FOX,March_14,Ukrainian
FOX,March_14,Russia
FOX,March_14,Russia
FOX,March_14,Ukraine
FOX,March_14,Credibull
FOX,March_21,Kyiv
FOX,March_21,Podilskyi
FOX,March_28,Ukraine
FOX,March_28,UKRAINE
FOX,March_28,Ukrainian
FOX,March_28,U.S.
FOX,March_28,Ukraine
FOX,March_28,Ukraine
FOX,March_28,Irpin
FOX,March_28,Ukrainian
FOX,March_28,U.S.
FOX,March_28,Ukraine
FOX,March_28,Donbas
FOX,March_28,Donbas
FOX,March_25,United States
FOX,March_25,Ukraine
FOX,Maren_19,Ukraine
FOX,March_27,France
FOX,March_27,Ukraine
FOX,March_27,Russia
FOX,March_27,Ukraine
FOX,March_29,Ukraine
FOX,March_25,Ukraine
FOX,March_25,Ukraine
FOX,March_25,UK
FOX,March_25,Ukraine
FOX,March_25,Ukrainian
FOX,March_16,Ukraine
FOX,March_16,Ukraine
FOX,March_16,Syria
FOX,March_16,Ukraine
FOX,March_26,U.S.
FOX,March_26,Ukraine
FOX,March_26,US
FOX,March_26,Ukraine
FOX,March_21,Russia
FOX,March_21,Russia
FOX,March_21,the United States
FOX,March_21,Russia
FOX,March_21,Ukraine
FOX,March_21,Russia
FOX,March_21,the United States
FOX,March_21,Russia
FOX,March_18,Russia
FOX,March_18,Ukraine
FOX,March_18,The United Kingdom's
FOX,March_18,Ukraine
FOX,March_14,Russia
FOX,March_26,Russia
FOX,March_26,Ukraine
FOX,March_26,Poland
FOX,March_25,US
FOX,March_25,Poland
FOX,March_25,U.S.
FOX,March_25,Poland
FOX,March_25,Rzeszow Poland
FOX,March_25,Ukraine
FOX,March_17,Kilmeade
FOX,March_17,Russia
FOX,March_17,Ukraine LVIV
FOX,March_22,Russia
FOX,March_22,Moscow
FOX,March_22,U.S.
FOX,March_22,Iran
FOX,March_22,Russia
FOX,March_22,Ukraine
FOX,March_22,Iran
FOX,March_22,Russia
FOX,March_22,Russia
FOX,March_22,Russia
FOX,March_22,Ukraine
FOX,March_22,Poland
FOX,March_22,Sofia
FOX,March_22,Bulgaria
FOX,March_22,Russia
FOX,March_22,Ukraine
FOX,March_22,Poland
FOX,March_22,china
FOX,March_22,Russia
FOX,March_22,US
FOX,March_13,Russia
FOX,March_13,China
FOX,March_13,China
FOX,March_13,China
FOX,March_13,China
FOX,March_13,Russia
FOX,March_24,Russia
FOX,March_24,Baulina
FOX,March_21,Chemnihiv
FOX,March_29,Ukraine
FOX,March_29,Poland
FOX,March_13,Ukraine
FOX,March_13,Ukraine
FOX,March_13,Ukraine
FOX,March_24,Russia
FOX,March_24,US
FOX,March_24,Moscow
FOX,March_24,Russia
FOX,March_24,Moscow
FOX,March_24,U.S.
FOX,March_24,Russia
FOX,March_24,Russia
FOX,March_24,Russia
FOX,March_24,U.S.
FOX,March_24,U.S.
FOX,March_24,U.S.
FOX,March_24,New York
FOX,Maren_15,Ukraine
FOX,Maren_15,Russia
FOX,Maren_15,Ukraine
FOX,Maren_15,Poland
FOX,Maren_15,the Czech Republic's
FOX,Maren_15,Slovenia
FOX,Maren_15,Ukraine
FOX,Maren_15,Russia
FOX,March_24,Belgium
FOX,March_24,Brussels
FOX,March_23,U.S.
FOX,March_23,Ukraine
FOX,March_23,Us
FOX,March_23,Brussels
FOX,March_23,US
FOX,March_23,Britain
FOX,March_23,France
FOX,March_23,Germany
FOX,March_23,Afghanistan
FOX,March_23,the United States
FOX,March_23,Getty Images
FOX,March_23,US
FOX,March_23,Ukraine
FOX,March_23,Russia
FOX,March_23,Ukraine
FOX,March_23,the United States
FOX,March_23,Ukraine
FOX,March_23,Ukraine
FOX,March_16,Russia
FOX,March_16,US
FOX,March_16,Oksana
FOX,March_16,Ky.
FOX,March_16,U.S.
FOX,March_16,the Russian Federation
FOX,March_16,Ukraine
FOX,March_16,Russia
FOX,March_16,Russia
FOX,March_16,Ukraine
FOX,March_23,Ukraine
FOX,March_23,Ukraine
FOX,March_23,Ukraine
FOX,March_26,China
FOX,March_26,Russia
FOX,March_26,China
FOX,March_26,Ukraine
FOX,March_22,Ukraine
FOX,March_22,Russia
FOX,March_17,Ukraine
FOX,March_17,Mariupol
FOX,March_17,Ukraine
FOX,March_17,Ukraine
FOX,March_17,Nazi Germany
FOX,March_17,Mariupol
FOX,March_26,US
FOX,March_26,Germany
FOX,March_26,U.S.
FOX,March_26,Germany
FOX,March_26,Washington
FOX,March_16,Ukraine
FOX,March_16,UKRAINE
FOX,March_16,Ukraine
FOX,March_16,Russia
FOX,March_18,Russia
FOX,March_18,Ukraine
FOX,March_18,the United States
FOX,March_18,PRC
FOX,March_18,U.S.
FOX,March_18,China
FOX,March_18,Russia
FOX,March_18,Ukraine
FOX,March_15,Israel
FOX,March_15,Russia
FOX,March_15,Ukraine
FOX,March_15,Israel
FOX,March_15,Russia
FOX,March_15,Israel
FOX,March_15,Ukraine
FOX,March_15,Israel
FOX,March_16,Ukraine
FOX,March_16,Russia
FOX,March_26,Russia
FOX,March_26,Ukraine Kyiv
FOX,March_26,Russia
FOX,March_26,Ukraine
FOX,March_26,North and South Korea
FOX,March_26,Ukraine
FOX,March_13,Ukraine
FOX,March_13,Russia
FOX,March_13,Ukraine
FOX,March_13,Russia
FOX,March_13,Ukraine
FOX,March_13,Ukraine
FOX,March_22,Russia
FOX,March_22,Ukraine
FOX,March_22,Ukraine
FOX,March_14,Israel
FOX,March_14,Barcelona
FOX,March_14,Gothenburg
FOX,March_14,Sweden
FOX,March_14,Russia
FOX,March_14,the United States
FOX,March_14,Israel
FOX,March_14,Russia
FOX,March_14,Israel
FOX,March_14,the Soviet Union
FOX,March_14,Russia
FOX,Maren_19,Russia
FOX,Maren_19,China
FOX,Maren_19,Ukraine
FOX,Maren_19,U.S.
FOX,March_13,Russia
FOX,March_13,Ukrainian
FOX,March_13,Russia
FOX,March_13,Ukraine
FOX,March_13,Ukraine
FOX,March_13,Poland
FOX,March_13,Russia
FOX,March_13,Ukraine
FOX,March_18,Russia
FOX,March_18,America
FOX,March_18,Ukraine
FOX,March_18,Ukraine
FOX,March_18,Ukraine
FOX,March_18,Lithium
FOX,March_25,Russia
FOX,March_25,America
FOX,March_25,Los Angeles
FOX,March_25,Russia
FOX,March_17,Ukraine
FOX,March_17,Russia
FOX,March_17,Ukraine
FOX,March_17,Ukraine
FOX,March_12,Russia
FOX,March_12,Ukraine
FOX,March_12,Tennessee
FOX,March_17,China
FOX,March_17,Russia
FOX,March_17,Ukraine
FOX,March_26,Russia
FOX,March_26,Russia
FOX,March_26,Ukraine
FOX,March_22,Ukraine
FOX,March_17,Belarus
FOX,March_17,Ukraine
FOX,March_17,Belarus
FOX,March_17,Russia
FOX,March_17,Ukraine
FOX,March_17,Ukraine
FOX,March_17,Ukraine
FOX,March_17,Belarus
FOX,March_17,Ukraine
FOX,March_15,Ukraine
FOX,March_15,UNITED KINGDOM
FOX,March_14,Russia
FOX,March_14,Ukraine
FOX,March_14,Ukraine
FOX,March_14,Ukraine
FOX,March_18,Ukraine
FOX,March_18,Poland
FOX,March_18,Ukraine
FOX,March_18,Ukraine
FOX,March_30,Ukraine
FOX,March_30,Russia
FOX,March_26,Russia
FOX,March_26,Ukraine
FOX,March_26,Russia
FOX,March_26,Lviv
FOX,March_26,Ukraine
FOX,March_26,Poland
FOX,March_26,Warsaw
FOX,March_26,Poland
FOX,March_26,Lviv
FOX,March_29,Russia
FOX,March_29,US
FOX,March_29,Russia
FOX,March_29,the United States
FOX,March_29,Moscow
FOX,March_29,U.S.
FOX,March_29,Ukraine
FOX,March_25,US
FOX,March_25,Poland
FOX,March_18,China
FOX,March_18,China
FOX,March_18,Russia
FOX,March_18,Ukraine
FOX,March_24,China
FOX,March_24,Russia
FOX,March_24,China
FOX,March_24,Russia
FOX,March_24,China
FOX,March_24,Brussels
FOX,March_24,Beijing
FOX,March_24,Russia
FOX,March_24,U.S.
FOX,March_24,Beijing
FOX,March_24,Ukraine
FOX,March_24,China
FOX,March_24,Russia
FOX,March_12,Russia
FOX,March_12,Russia
FOX,March_12,Ukrainian
FOX,March_12,Donetsk
FOX,March_12,Luhansk
FOX,March_13,Russia
FOX,March_13,US
FOX,March_13,Ukraine
FOX,March_13,Russia
FOX,March_13,Ukraine
FOX,March_13,Russia
FOX,March_13,Russia
FOX,March_13,Ukraine
FOX,March_13,U.S.
FOX,March_13,Ukraine
FOX,March_26,Russia
FOX,March_26,Georgia
FOX,March_26,China
FOX,March_30,Wisconsin
FOX,March_30,Ukraine
FOX,March_30,Belarus
FOX,March_30,Russia
FOX,March_30,UK
FOX,March_30,The United Kingdom's
FOX,March_30,Belarus
FOX,March_30,Russia
FOX,March_30,Russia
FOX,March_30,Russia
FOX,March_30,Ukraine
FOX,March_30,Russia
FOX,March_30,Donetsk
FOX,March_30,Luhansk
FOX,March_30,Russia
FOX,March_30,Ukraine
FOX,March_30,Ukraine
FOX,March_30,Starokostiantyniv
FOX,March_30,Khmelnytskyi
FOX,March_30,Ukraine Konashenkov
FOX,March_30,Ukrainian
FOX,March_30,Moscow
FOX,March_30,Russia
FOX,March_30,Turkey
FOX,March_30,Ukraine
FOX,March_30,Ukraine
FOX,March_30,U.S.
FOX,March_30,Britain
FOX,March_30,France
FOX,March_30,Turkey
FOX,March_30,China
FOX,March_30,Poland
FOX,March_30,Russia
FOX,March_30,Russia
FOX,March_30,Ukraine
FOX,March_30,Potand
FOX,March_30,Ukraine
FOX,March_30,Ukraine
FOX,March_30,Poland
FOX,March_30,Romania
FOX,March_30,Ukraine
FOX,March_30,Russia
FOX,March_30,Ukraine
FOX,March_30,Ukrainian
FOX,March_30,Chernihiv
FOX,March_30,Russia
FOX,March_30,Russia
FOX,March_30,Kyiv
FOX,March_30,Russia
FOX,March_30,Ukrainian
FOX,March_30,Chernihiv
FOX,March_30,Ukraine
FOX,March_30,Mykolaiv
FOX,March_30,Donbas
FOX,March_30,Ukrainian
FOX,March_30,Donbas
FOX,March_30,Russia
FOX,March_30,Donbas
FOX,March_30,Ukraine
FOX,March_30,Moscow
FOX,March_30,Russia
FOX,March_30,Russia
FOX,March_30,Ukraine
FOX,March_30,Poland
FOX,March_30,Poland
FOX,March_30,Poland
FOX,March_30,Ukraine
FOX,March_30,Russia
FOX,March_30,Turkey
FOX,March_30,Ukraine
FOX,March_30,Russia
FOX,March_30,Ukraine
FOX,March_14,U.S.
FOX,March_14,Ukraine
FOX,March_14,U.S.
FOX,March_14,Russia
FOX,March_14,Ukraine
FOX,March_14,Russia
FOX,March_14,US
FOX,March_14,U.S.
FOX,March_29,Netherlands
FOX,March_29,Belgium
FOX,March_29,The Czech Republic
FOX,March_29,Ireland
FOX,March_26,Russia
FOX,March_26,Ukraine
FOX,March_26,Russia
FOX,March_26,Ukraine
FOX,March_17,Russia
FOX,March_17,Ukraine
FOX,March_17,UKRAINE
FOX,March_18,Ukraine
FOX,March_18,Ukraine
FOX,March_18,Ukraine
FOX,March_18,Ukrainian
FOX,March_18,Russia
FOX,March_18,Getty Images
FOX,March_18,Russia
FOX,March_18,Ukraine
FOX,March_12,Russia
FOX,March_14,Ukraine
FOX,March_16,US
FOX,March_16,Russia
FOX,March_16,Ukraine
FOX,March_16,Ukraine
FOX,March_16,Russia
FOX,March_16,Russia
FOX,March_16,Ukraine Sullivan
FOX,March_16,Ukraine
FOX,March_16,Russia
FOX,March_16,the United States
FOX,March_16,Russia
FOX,March_16,Ukraine
FOX,March_16,Russia
FOX,March_16,Moscow
FOX,March_16,Ukraine
FOX,March_29,Russia
FOX,March_12,Ukraine
FOX,March_12,Roxolana
FOX,March_12,Turkey
FOX,March_12,Ukraine
FOX,March_13,Chernobyl
FOX,March_13,Ukraine
FOX,March_13,Chernobyl
FOX,March_13,Russia
FOX,March_13,Kyiv
FOX,March_13,Kyiv
FOX,March_13,Ukraine
FOX,Maren_15,Ukraine
FOX,Maren_15,Canada
FOX,Maren_15,Russia
FOX,Maren_15,Ukraine
FOX,Maren_15,Ottawa
FOX,Maren_15,Canada
FOX,March_25,Nogpobuui
FOX,March_15,UK
FOX,March_15,Russia
FOX,March_15,Ukraine
FOX,March_15,U.K.
FOX,March_15,UK
FOX,March_15,Russia
FOX,March_15,Russia
FOX,March_26,Russia
FOX,March_26,Moscow
FOX,March_16,Ukraine
FOX,March_16,Ukraine
FOX,March_16,Russia
FOX,March_16,Ukrainian
FOX,March_16,Ukraine
FOX,March_16,Russia
FOX,March_16,Ukrainian
FOX,March_25,Ukraine
FOX,March_25,Ukraine
FOX,March_25,Berdyansk
FOX,March_25,Ukraine
FOX,March_25,Ukraine
FOX,March_17,Ukraine
FOX,March_17,China
FOX,March_17,U.S.
FOX,March_17,China
FOX,March_17,Russia
FOX,March_17,Ukraine
FOX,March_17,China
FOX,March_17,Russia
FOX,March_15,Poland
FOX,March_15,the Czech Republic
FOX,March_15,Ukraine
FOX,March_15,Czech Republic
FOX,March_22,Ukraine
FOX,March_22,Russia
FOX,March_29,Russia
FOX,March_29,the Chechen Republic Ramzan Kadyrov
FOX,March_29,Russia
FOX,March_29,Ramzan
FOX,March_29,Chechnya
FOX,March_29,Russia
FOX,March_29,Chechnya
FOX,March_29,Moscow
FOX,March_29,Ukraine
FOX,March_29,Snake Island
FOX,March_21,Ukraine
FOX,March_21,Ukraine
FOX,March_21,Russia
FOX,March_21,U.S.
FOX,March_21,Poland
FOX,March_21,Ukraine
FOX,March_18,US
FOX,March_18,Lviv
FOX,March_18,Lviv
FOX,March_18,Ukraine
FOX,March_18,Ukraine
FOX,March_18,Ukrainian
FOX,March_18,Ukrainian
FOX,March_18,Ukraine
FOX,March_18,Ukrainian
FOX,March_18,Russia
FOX,March_15,Russia
FOX,March_15,Russia
FOX,March_15,Russia
FOX,March_15,Ukraine
FOX,March_15,U.S.
FOX,March_15,Russia
FOX,March_15,Russia
FOX,March_14,Ukraine
FOX,March_14,Ukraine
FOX,March_14,Danielle
FOX,March_14,Ukraine
FOX,March_14,Ukraine
FOX,March_14,Russia
FOX,March_14,Washington
FOX,March_14,Russia
FOX,March_14,U.S.
FOX,March_14,the United States
FOX,March_14,Russia
FOX,March_14,Russia
FOX,Maren_19,Mariupol
FOX,Maren_19,Ukrainian
FOX,March_15,US
FOX,March_15,Ukraine
FOX,March_15,the United States
FOX,March_15,Ukraine
FOX,March_15,Ukraine
FOX,March_15,Poland
FOX,March_15,U.S.
FOX,March_15,The United States
FOX,March_19,Ukraine
FOX,March_19,Ukraine
FOX,March_19,Russia
FOX,March_25,Russia
FOX,March_25,Georgia
FOX,March_25,Ukraine
FOX,March_25,U.S.
FOX,March_25,Russia
FOX,March_25,Georgia
FOX,March_25,Ukraine
FOX,March_25,Georgia
FOX,March_25,Russia
FOX,March_25,Ukraine
FOX,March_28,Ukraine
FOX,March_28,Russia
FOX,March_28,Turkey
FOX,March_28,Ukrainian
FOX,March_28,Turkey
FOX,March_28,Ukraine
FOX,March_28,Turkey
FOX,March_25,US
FOX,March_25,Ukraine
FOX,March_25,Poland
FOX,March_25,US
FOX,March_25,Ukraine
FOX,March_25,Poland
FOX,March_25,U.S.
FOX,March_25,Ukraine
FOX,March_25,Russia
FOX,March_25,Poland
FOX,March_25,U.S.
FOX,March_25,Ukraine
FOX,March_25,Russia
FOX,March_25,Poland
FOX,March_25,U.S.
FOX,March_25,Poland
FOX,March_25,Ukrainian
FOX,March_25,Syria
FOX,March_25,Russia
FOX,March_24,Russia
FOX,March_16,Ukraine
FOX,March_22,Ukraine
FOX,March_29,Moscow
FOX,March_29,Russia
FOX,March_29,Russia
FOX,March_29,Moscow
FOX,March_16,Ukrainian
FOX,March_16,Ukraine
FOX,March_28,Ukraine
FOX,Maren_17,Turkey
FOX,Maren_17,Ukraine
FOX,Maren_17,Ukraine
FOX,Maren_17,Russia
FOX,Maren_17,Ukraine
FOX,Maren_17,Russia
FOX,Maren_17,Ukraine
FOX,Maren_17,Ukraine
FOX,March_14,Ukraine
FOX,March_14,Ukraine
FOX,March_21,U.S.
FOX,March_21,Ukraine
FOX,March_21,U.S.
FOX,March_21,U.S.
FOX,Maren_15,Ukraine
FOX,Maren_15,Russia
FOX,Maren_15,Ukraine
FOX,Maren_15,Russia
FOX,Maren_15,Russia
FOX,March_26,Ukraine
FOX,March_26,Ukraine
FOX,March_26,Russia
FOX,March_25,Ukraine
FOX,March_25,Ukraine
FOX,March_25,Ukraine
FOX,March_24,Ukraine
FOX,March_24,US
FOX,March_24,Russia
FOX,March_24,Ukraine
FOX,March_29,Russia
FOX,March_29,Ukraine
FOX,March_26,Russia
FOX,March_26,Russia
FOX,March_26,the Kuril Islands
FOX,March_26,Russia
FOX,March_26,Russia
FOX,March_26,Japan
FOX,March_26,Russia
FOX,March_26,Japan
FOX,March_26,Ukraine
FOX,Maren_19,Bulgaria
FOX,Maren_19,Sofia
FOX,Maren_19,Bulgaria
FOX,Maren_19,Ukraine
FOX,Maren_19,Russia
FOX,Maren_19,Bulgaria
FOX,Maren_19,Ukraine
FOX,Maren_19,Bulgaria
FOX,Maren_19,Bulgaria
FOX,Maren_19,US
FOX,March_27,Ukraine
FOX,March_27,Ukraine
FOX,March_27,Russia
FOX,March_27,Donbas
FOX,March_21,Berdyansk
FOX,Maren_15,Ukraine
FOX,Maren_15,Canada
FOX,Maren_15,Russia
FOX,Maren_15,Ukraine
FOX,Maren_15,Ottawa
FOX,Maren_15,Canada
FOX,March_28,Ukraine
FOX,March_28,Lviv
FOX,March_24,Ukraine
FOX,March_24,UKRAINE
FOX,March_24,Russia
FOX,March_24,Ukraine
FOX,March_24,Ukraine
FOX,March_24,Ukraine
FOX,March_24,Turkey
FOX,March_24,Britain
FOX,March_24,U.S
FOX,March_24,US
FOX,March_24,Brussels
FOX,March_21,U.S.
FOX,March_21,Ukraine
FOX,March_21,U.S.
FOX,March_21,Afghanistan
FOX,March_21,Ukraine
FOX,March_21,Platt
FOX,March_21,Ukraine
FOX,March_18,Bulgaria
FOX,March_18,NORWAY
FOX,March_18,UNITED KINGDOM
FOX,March_18,TURKEY
FOX,March_18,Latvia
FOX,March_18,Estonia
FOX,March_18,Lithuania
FOX,March_18,Bulgaria
FOX,March_18,Moscow
FOX,March_18,Ukraine
FOX,March_18,Bulgaria
FOX,March_18,Russia
FOX,March_18,Latvia
FOX,March_18,Ukraine
FOX,March_16,Ukraine
FOX,March_16,UNITED KINGDOM
FOX,March_16,Ukraine
FOX,March_16,Ukraine
FOX,March_16,Ukraine
FOX,March_29,US
FOX,March_29,Ukraine
FOX,March_29,Russia
FOX,March_29,Russia
FOX,March_29,Ukraine
FOX,March_29,Russia
FOX,March_29,Ukraine
FOX,March_21,Ukraine
FOX,March_21,Russia
FOX,March_21,Ukraine
FOX,March_21,Lviv
FOX,March_21,Ukraine
FOX,March_21,U.S.
FOX,March_21,Ukraine
FOX,March_24,China
FOX,March_24,Russia
FOX,March_24,Ukraine
FOX,March_24,China
FOX,March_24,Russia
FOX,March_24,Ukraine
FOX,March_24,Russia
FOX,March_24,China
FOX,March_24,Russia
FOX,March_24,Ukraine
FOX,March_16,Canada
FOX,March_16,Russia
FOX,March_16,Ukraine
FOX,March_16,Canada
FOX,March_16,Canada
FOX,March_16,France
FOX,March_22,Ukraine
FOX,March_22,Russia
FOX,March_26,Russia
FOX,March_26,Warsaw
FOX,March_24,Ukraine
FOX,March_24,Brussels
FOX,March_24,Ukraine
FOX,March_24,Ukraine
FOX,March_27,Ukraine
FOX,March_15,Ukraine
FOX,March_15,Ukraine
FOX,March_15,Ukraine
FOX,March_29,Russia
FOX,March_29,U.S.
FOX,March_29,Russia
FOX,March_29,Russia
FOX,March_29,Ukraine
FOX,March_29,Ukraine
FOX,March_29,The United Kingdom's
FOX,March_29,Belarus
FOX,March_29,Russia
FOX,March_29,Turkey
FOX,March_29,Russia
FOX,March_29,China
FOX,March_29,Russia
FOX,March_29,U.S.
FOX,March_29,China
FOX,March_29,Moscow
FOX,March_29,Ukraine
FOX,March_29,China
FOX,March_29,Russia
FOX,March_29,China
FOX,March_29,Russia
FOX,March_29,China
FOX,March_29,Russia
FOX,March_29,US
FOX,March_29,Moldova
FOX,March_29,Russia
FOX,March_29,the Russian Empire
FOX,March_29,Russian Federation
FOX,March_29,US
FOX,March_29,Ukraine Crimea
FOX,March_29,the United States
FOX,March_29,Russia
FOX,March_29,Ukraine
FOX,March_29,Crimea
FOX,March_29,America
FOX,March_29,Ukrainian
FOX,March_29,Ukraine
FOX,March_29,Poland
FOX,March_29,US
FOX,March_29,Ukraine
FOX,March_29,Russia
FOX,March_29,Germany
FOX,March_29,Ukraine
FOX,March_29,Poland
FOX,March_29,Ukraine
FOX,March_29,the Russian Federation
FOX,March_29,US
FOX,March_29,Poland
FOX,March_29,US
FOX,March_29,Ukraine
FOX,March_29,Ukraine Ukraine
FOX,March_29,Russia
FOX,March_29,China
FOX,March_29,China
FOX,March_29,Russia
FOX,March_29,U.S.
FOX,March_29,Beijing
FOX,March_29,Moscow
FOX,March_29,Ukraine
FOX,March_29,China
FOX,March_29,Russia
FOX,March_29,China
FOX,March_29,Ukraine
FOX,March_29,Russia
FOX,March_29,China
FOX,March_29,Ukraine
FOX,March_29,U.S.
FOX,March_29,Ukraine
FOX,March_29,the United States
FOX,March_29,US
FOX,March_29,Ukraine
FOX,March_29,US
FOX,March_29,Ukraine
FOX,March_29,Russia
FOX,March_29,Ukraine
FOX,March_29,Russia
FOX,March_29,Ukraine
FOX,March_29,Ukraine
FOX,March_29,Russia
FOX,March_29,Russia
FOX,March_29,US
FOX,March_29,U.S.
FOX,March_29,U.S.
FOX,March_29,Russia
FOX,March_29,Crimea
FOX,March_29,Ukraine
FOX,March_29,U.S.
FOX,March_29,Ukraine
FOX,March_29,Belarus
FOX,March_29,Belarus
FOX,March_29,U.S.
FOX,March_29,Ukraine
FOX,March_29,U.S.
FOX,March_29,Ukraine Kirby
FOX,March_29,Russia
FOX,March_29,US
FOX,March_29,Russia
FOX,March_29,Ukraine
FOX,March_29,Wisconsin
FOX,March_29,U.S.
FOX,March_29,Russia
FOX,March_29,Ukraine
FOX,March_29,Ukraine
FOX,March_29,US
FOX,March_29,Ukraine
FOX,March_29,Ukraine
FOX,March_29,Switchblade
FOX,March_29,Ukraine
FOX,March_29,U.S.
FOX,March_29,Russia
FOX,March_29,Ukraine
FOX,March_29,Kyiv
FOX,March_29,the United States
FOX,March_29,Ukraine
FOX,March_29,the United States
FOX,March_29,the United States
FOX,March_29,Ukraine
FOX,March_29,Russia
FOX,March_29,Ukrainian
FOX,March_29,Russia
FOX,March_29,Ukraine
FOX,March_29,Moscow
FOX,March_29,Peskov
FOX,March_29,Ukraine
FOX,March_29,Turkey
FOX,March_29,Russia
FOX,March_29,Ukraine
FOX,March_29,Ukraine
FOX,March_29,Ukraine
FOX,March_29,Ukraine
FOX,March_29,Ukraine
FOX,March_29,Ukraine
FOX,March_29,Russia
FOX,March_29,Irpin
FOX,March_29,Irpin
FOX,March_29,Ukraine
FOX,March_29,Ukraine
FOX,March_29,Chernobyl
FOX,March_29,Ivankiv
FOX,March_29,Ukrainian
FOX,March_29,Belgorod
FOX,March_29,Ukraine
FOX,March_29,Belgorod
FOX,March_29,Russia
FOX,March_29,US
FOX,March_29,Russia
FOX,March_29,Ukraine
FOX,March_29,Russia
FOX,March_29,Chernobyl
FOX,March_29,Russia
FOX,March_29,Chemobyl
FOX,March_29,Vereshchuk
FOX,March_29,Chernobyl
FOX,March_29,Russia
FOX,March_25,U.S.
FOX,March_25,Brussels
FOX,March_25,Ukraine
FOX,March_25,U.S.
FOX,March_25,Ursula
FOX,March_25,Leyen
FOX,March_25,Brussels
FOX,March_25,Warsaw
FOX,March_25,U.S.
FOX,March_25,U.S.
FOX,March_25,Moscow
FOX,March_25,U.S.
FOX,March_25,Ukraine
FOX,March_16,US
FOX,March_16,Ukraine
FOX,March_16,Ukraine
FOX,March_12,Ukraine
FOX,March_12,Warsaw
FOX,March_12,Krakow
FOX,March_12,Russia
FOX,March_12,Poland
FOX,March_19,Ukraine
FOX,March_19,Ukraine
FOX,March_19,Ukrainian
FOX,March_19,Ukrainian
FOX,March_30,Ukraine
FOX,March_25,Turkey
FOX,March_25,Ukraine
FOX,March_25,Turkey
FOX,March_25,Ukraine
FOX,March_25,Turkey
FOX,March_25,Ukraine
FOX,March_25,Kyiv
FOX,March_25,Turkey
FOX,March_25,Russia
FOX,March_25,Ukraine
FOX,March_25,Kyiv
FOX,March_22,Chernolbyl
FOX,March_22,Chernobyl
FOX,March_22,Russia
FOX,March_16,Ukraine
FOX,March_14,Russia
FOX,March_14,Poland
FOX,March_14,UKRAINE
FOX,March_14,UKRAINE
FOX,March_16,Ukraine
FOX,March_16,Russia
FOX,March_16,Ukraine
FOX,March_16,U.S.
FOX,March_16,U.S.
FOX,March_16,Ukraine
FOX,March_14,Russia
FOX,March_14,Bipartisan
FOX,March_14,Poland
FOX,March_14,Ukraine
FOX,March_14,Poland
FOX,March_14,Ukraine
FOX,March_14,Russia
FOX,March_14,Poland
FOX,March_14,U.S.
FOX,March_14,Ukraine
FOX,March_14,Russia
FOX,March_14,Ukrainian
FOX,March_14,Russia
FOX,March_14,Ukraine
FOX,March_14,Russia
FOX,March_15,Ukraine
FOX,March_15,Kentucky
FOX,March_15,U.S.
FOX,March_15,Poland
FOX,March_15,Ukraine
FOX,March_15,Lviv
FOX,March_15,Ukraine
FOX,March_15,Kentucky
FOX,March_15,Ukraine
FOX,March_15,Ukraine
FOX,March_15,Ukraine
FOX,March_15,Russia
FOX,March_16,Ukraine
FOX,March_29,Donbas
FOX,March_29,Russia
FOX,March_29,Ukraine
FOX,March_17,UKRAINE
FOX,March_17,Russia
FOX,March_21,Russia
FOX,March_21,Russia
FOX,March_21,Ukraine
FOX,March_21,Russia
FOX,March_12,Ukraine
FOX,March_12,LN
FOX,March_19,Ukraine
FOX,March_19,Ukraine
FOX,March_19,Poland
FOX,March_19,Ukraine
FOX,March_13,U.S
FOX,March_13,U.S.
FOX,March_16,Ukraine
FOX,March_16,Italy
FOX,March_16,Germany
FOX,March_16,USA
FOX,March_16,TyMaHiTapHUii
FOX,March_18,Russia
FOX,March_18,Ukraine
FOX,March_18,US
FOX,March_18,Ukraine
FOX,March_18,US
FOX,March_18,Ukraine
FOX,March_18,Ukraine
FOX,March_18,U.S.
FOX,March_18,Ukrainian
FOX,March_14,Estonia
FOX,March_14,Ukraine
FOX,March_14,Kharkiv
FOX,March_14,Getty Images
FOX,March_14,Estonia
FOX,March_14,Ukraine
FOX,March_14,Ukraine
FOX,March_29,Ukraine
FOX,March_29,Russia
FOX,March_29,Warsaw
FOX,March_29,Poland
FOX,March_29,Russia
FOX,March_16,Ukraine
FOX,March_16,Russia
FOX,March_16,Ukraine
FOX,March_16,US
FOX,March_16,Russia
FOX,March_16,Ukraine
FOX,March_16,US
FOX,March_16,Russia
FOX,March_16,Russia
FOX,March_16,U.S.
FOX,March_16,Russia
FOX,March_16,Ukraine
FOX,March_16,Russia
FOX,March_16,Russia
FOX,March_16,Ukraine
FOX,March_16,Russia
FOX,March_16,Russia
FOX,March_12,Russia
FOX,March_12,Ukraine
FOX,March_12,Russia
FOX,March_12,Russia
FOX,March_12,Russia
FOX,March_12,Soviet Union
FOX,March_12,New York
FOX,March_26,Warsaw
FOX,March_26,Warsaw
FOX,March_26,Poland
FOX,March_26,Ukraine
FOX,March_21,Poland
FOX,March_21,Poland
FOX,March_21,Warsaw
FOX,March_21,Poland
FOX,March_21,Poland
FOX,March_21,Ukraine
FOX,March_21,Ukraine
FOX,March_21,Poland
FOX,March_21,U.S.
FOX,March_21,U.S.
FOX,March_21,Russia
FOX,March_21,Ukraine
FOX,March_13,Russia
FOX,March_13,Russia
FOX,March_13,Ukraine
FOX,March_13,Russia
FOX,March_29,Ireland
FOX,March_29,Dublin
FOX,March_29,Foxrock
FOX,March_29,Ireland
FOX,March_26,Nogpobuui
FOX,March_12,Ukraine
FOX,March_12,Ukraine
FOX,March_12,Ukraine
FOX,March_29,Ukraine
FOX,March_29,Russia
FOX,March_29,Ukraine
FOX,March_18,Ukraine
FOX,March_18,Ukraine
FOX,March_27,Warsaw
FOX,March_22,Russia
FOX,March_22,Ukraine
FOX,March_22,Ukraine
FOX,March_22,Ukraine
FOX,March_22,Ukraine
FOX,March_22,Ukraine
FOX,March_30,Ukraine
FOX,March_30,Ukraine
FOX,March_30,Ukraine
FOX,March_30,Poland
FOX,March_30,Slovakia
FOX,March_30,Hungary
FOX,March_30,Ukraine
FOX,March_15,Ukrainian
FOX,March_15,Zaporizhzhia
FOX,March_15,America
FOX,March_14,Russia
FOX,March_14,U.S.
FOX,March_22,U.S.
FOX,March_22,Ukraine
FOX,March_22,U.S.
FOX,March_22,U.S.
FOX,March_12,US
FOX,March_12,Russia
FOX,March_12,US
FOX,March_25,Ukraine
FOX,March_25,Poland
FOX,March_25,Ukraine
FOX,March_25,Ukraine
FOX,March_25,Ukraine
FOX,March_25,Russia
FOX,March_25,Vereschuk
FOX,March_25,Telegram
FOX,March_25,Snake
FOX,March_25,Ukraine
FOX,March_25,Turkey
FOX,March_13,Ukraine
FOX,March_13,Yavoriv
FOX,March_13,U.S.
FOX,March_13,Poland
FOX,March_21,Russia
FOX,March_21,Ukraine
FOX,March_21,Russia
FOX,March_21,Rivne
FOX,March_21,Ukraine
FOX,March_21,Ukrainian
FOX,March_21,Rivne
FOX,March_13,Chernobyl
FOX,March_13,Russia
FOX,March_13,Chernobyl
FOX,March_13,Ukraine
FOX,March_13,Ukrainian
FOX,March_13,Chernobyl
FOX,March_13,Chernobyl
FOX,March_13,Ukraine
FOX,March_13,Zaporizhzhia
FOX,March_13,Russia
FOX,March_13,Ukrainian
FOX,March_13,Russia
FOX,March_21,Florida
FOX,March_12,Russia
FOX,March_12,United States
FOX,March_12,Russia
FOX,March_12,Ukraine
FOX,March_12,Russia
FOX,Maren_17,Damytskyi
FOX,Maren_17,Tenexanan
FOX,March_18,Ukraine
FOX,March_18,Russia
FOX,March_18,Ukraine
FOX,March_18,Russia
FOX,Maren_19,Russia
FOX,Maren_19,Russia
FOX,March_29,Ukraine
FOX,March_29,Ukraine
FOX,March_29,Ukraine
FOX,March_21,UK
FOX,March_21,UK
FOX,March_21,United Kingdom
FOX,March_21,Ukraine
FOX,March_21,G7
FOX,March_21,UK
FOX,Maren_19,Russia
FOX,Maren_19,Ukraine
FOX,Maren_19,Russia
FOX,March_28,QD
FOX,March_28,Ukraine
FOX,March_26,Ukraine
FOX,March_26,U.S.
FOX,March_26,Warsaw
FOX,March_26,Ukraine
FOX,March_25,US
FOX,March_25,Russia
FOX,March_25,Ukraine
FOX,March_25,U.S.
FOX,March_25,Russia
FOX,March_22,Ukraine
FOX,March_22,Chernobyl
FOX,March_22,Ukraine
FOX,March_22,Chernobyl
FOX,March_12,Ukraine
FOX,March_12,Ukraine
FOX,March_12,Melitopol
FOX,March_12,Ukraine
FOX,March_12,Melitopol
FOX,March_12,Ukraine
FOX,March_12,Ukraine
FOX,March_12,Russia
FOX,March_12,Ukraine
FOX,March_21,Luhansk
FOX,March_25,Russia
FOX,March_25,Ukraine
FOX,March_25,Ukraine
FOX,March_25,Ukraine
FOX,March_25,Ukraine
FOX,March_18,Getty Images
FOX,March_18,Lviv
FOX,March_18,Ukraine
FOX,March_18,Lviv
FOX,March_18,Ukraine
FOX,March_13,Ukrainian
FOX,March_13,UK
FOX,March_13,Ukraine
FOX,March_13,Crimea
FOX,March_26,Poland
FOX,March_26,U.S.
FOX,March_26,Russia
FOX,March_26,Poland
FOX,March_26,U.S.
FOX,March_26,Russia
FOX,March_26,Russia
FOX,March_27,Blinken
FOX,March_27,U.S.
FOX,March_27,Russia
FOX,March_27,U.S.
FOX,March_27,Russia
FOX,March_27,Warsaw
FOX,March_27,Poland
FOX,March_27,Jerusalem
FOX,March_27,Ukraine
FOX,March_27,Russia
FOX,March_27,U.S.
FOX,March_22,Florida
FOX,March_22,Ukraine
FOX,March_22,Russia
FOX,March_22,Ukraine
FOX,March_22,Tampa
FOX,March_22,Ukraine
FOX,March_22,Afghanistan
FOX,March_22,Ukraine
FOX,March_17,Berlin
FOX,March_17,Getty Images
FOX,March_17,Germany
FOX,March_17,Ukraine
FOX,March_17,Berlin
FOX,March_17,Moscow
FOX,March_17,Germany
FOX,March_17,Berlin
FOX,March_17,Germany
FOX,March_17,Russia
FOX,March_17,Germany
FOX,March_27,Finland
FOX,March_27,Russia
FOX,March_27,Finland
FOX,March_27,Russia
FOX,March_27,Russia
FOX,March_27,Russia
FOX,March_27,Finland
FOX,March_27,Russia
FOX,March_27,Russia
FOX,March_27,Finland
FOX,March_27,Russia
FOX,March_27,Finland
FOX,March_27,Helsinki
FOX,March_27,St. Petersburg
FOX,March_16,the United States
FOX,March_16,U.S.
FOX,March_16,Ukraine
FOX,March_16,the United States
FOX,March_18,Russia
FOX,March_18,Ukraine
FOX,March_18,Ukraine
FOX,March_17,Russia
FOX,March_17,U.S.
FOX,March_17,US
FOX,March_17,Russia
FOX,March_17,Slovakia
FOX,March_17,Russia
FOX,March_17,Ukraine
FOX,March_26,Poland
FOX,March_14,Ukraine
FOX,March_14,Ukraine
FOX,March_14,Ukraine
FOX,March_14,Greece
FOX,March_14,Bulgaria
FOX,March_14,Moscow
FOX,March_14,Bulgaria
FOX,March_14,Slovakia
FOX,March_14,Greece
FOX,March_15,Ukraine
FOX,March_12,Ukraine
FOX,March_12,Poland
FOX,March_12,Ukraine
FOX,March_12,Poland
FOX,March_12,Ukraine
FOX,March_12,Russia
FOX,March_12,Poland
FOX,March_12,Poland
FOX,March_12,Hungary
FOX,March_29,Ukrainian
FOX,March_29,Sivershchyna
FOX,March_29,Texepanbunii
FOX,March_29,Ukraine
FOX,March_24,China
FOX,March_24,Belgium
FOX,March_24,Ukraine
FOX,March_24,Ukraine
FOX,March_24,Belarus
FOX,March_24,Russia
FOX,March_24,Russia
FOX,March_24,Russia
FOX,March_24,Ukraine
FOX,March_24,Ukrainian
FOX,March_24,Russia
FOX,March_24,Ukraine
FOX,March_24,China
FOX,March_24,Russia
FOX,March_24,PRC
FOX,March_24,Russia
FOX,March_24,Russia
FOX,March_24,PRC
FOX,March_24,China
FOX,March_24,Russia
FOX,March_24,Ukraine
FOX,March_24,The United Kingdom's
FOX,March_24,Russia
FOX,March_24,Ukraine
FOX,March_13,Russia
FOX,March_13,Ukraine
FOX,March_13,Russia
FOX,March_13,Ukraine
FOX,March_13,Russia
FOX,March_13,Russia
FOX,March_13,Ukrainian
FOX,March_13,Belarus
FOX,March_13,Ukraine
FOX,March_13,Russia
FOX,March_13,Ukraine
FOX,March_13,Crimea
FOX,March_13,Lugansk
FOX,March_13,Ukraine
FOX,March_13,Moscow
FOX,March_13,Russia
FOX,March_13,Russia
FOX,March_13,Yekaterinburg
FOX,March_13,Moscow
FOX,March_13,St Petersburg
FOX,March_13,Ukraine
FOX,March_13,Warsaw
FOX,March_13,London
FOX,March_13,Berlin
FOX,March_13,Rome
FOX,March_13,Russia
FOX,March_13,Taipei
FOX,March_13,Taiwan
FOX,March_15,U.S.
FOX,March_12,Ukraine
FOX,March_12,Ukraine
FOX,March_12,Ukraine
FOX,March_12,Poland
FOX,March_12,Ukraine
FOX,March_12,U.S.
FOX,March_12,Ukraine
FOX,March_12,Russia
FOX,March_12,Moscow
FOX,March_12,Ukraine
FOX,March_22,Ukraine
FOX,March_22,Ukraine
FOX,March_22,Ukraine
FOX,March_25,Poland
FOX,March_25,Ukraine
FOX,March_25,US
FOX,March_25,Poland
FOX,March_25,Poland
FOX,March_25,Poland
FOX,March_25,Rzeszow Poland
FOX,March_25,U.S.
FOX,March_25,Poland
FOX,March_12,Melitopol
FOX,March_12,Moscow
FOX,March_12,France
FOX,March_12,Germany
FOX,March_12,Israel
FOX,March_12,Germany
FOX,Maren_17,Ukraine
FOX,Maren_17,Ukraine
FOX,Maren_17,Ukraine
FOX,Maren_17,Moscow
FOX,Maren_17,Moscow
FOX,Maren_17,Ukraine
FOX,Maren_17,Lviv
FOX,Maren_17,Ukraine
FOX,Maren_17,Ukraine
FOX,Maren_17,China
FOX,Maren_17,Beijing
FOX,Maren_17,Russia
FOX,Maren_17,Lithium
FOX,Maren_17,Russia
FOX,Maren_17,Russia
FOX,Maren_17,Ukraine
FOX,Maren_17,Ukraine
FOX,Maren_17,Russia
FOX,Maren_17,Russia
FOX,March_19,Ukraine
FOX,March_19,Ukraine
FOX,March_19,Ukraine
FOX,March_19,U.S.
FOX,March_19,Ukraine
FOX,March_19,U.S.
FOX,March_19,Russia
FOX,March_19,Ukraine
FOX,March_19,Ukraine
FOX,March_19,Ukraine
FOX,March_19,U.S.
FOX,March_19,Ukraine
FOX,March_18,Ukraine
FOX,March_18,Cocoa
FOX,March_18,Florida
FOX,March_18,Russia
FOX,March_18,Ukraine
FOX,March_18,Ukraine
FOX,March_18,Ukraine
FOX,March_15,Russia
FOX,March_15,Ukraine
FOX,March_15,Ukraine
FOX,March_15,Russia
FOX,March_15,Ukraine
FOX,March_15,Moscow
FOX,March_15,Ukraine
FOX,March_15,Ukraine
FOX,March_15,Russia
FOX,March_16,Ukraine
FOX,March_16,Slovenia
FOX,March_16,Ukraine
FOX,March_16,Czech Republic
FOX,March_16,Ukraine
FOX,March_16,Poland
FOX,March_16,Ukraine
FOX,ch_24th_,Ukraine
FOX,March_13,Ukrainian
FOX,March_13,Russia
FOX,March_13,Ukraine
FOX,March_13,Lviv
FOX,March_19,US
FOX,March_17,Ukraine
FOX,March_17,Russia
FOX,March_17,U.S.
FOX,March_29,Ukraine
FOX,March_29,Cherkasy
FOX,March_29,Ukraine
FOX,March_29,Cherkasy
FOX,March_29,Hrybov
FOX,March_16,Ukraine
FOX,March_16,Telegram
FOX,March_16,Russia
FOX,March_14,Ukraine
FOX,March_14,America
FOX,March_17,Ukraine
FOX,March_17,UKRAINE
FOX,March_17,Ukraine
FOX,March_17,Ukraine
FOX,March_17,Ukraine
FOX,March_17,Russia
FOX,March_14,Estonia
FOX,March_14,Ukraine
FOX,March_14,Russia
FOX,March_14,Ukraine
FOX,March_14,Getty Images
FOX,March_14,Estonia
FOX,March_14,Russia
FOX,March_14,the United States
FOX,March_14,Ukraine
FOX,March_14,U.S.
FOX,March_14,Russia
FOX,March_29,Ukraine
FOX,March_29,Russia
FOX,March_29,Turkey
FOX,March_29,Istanbul
FOX,March_29,Ukrainian
FOX,March_29,Istanbul
FOX,March_29,Turkey
FOX,March_29,Ukraine
FOX,March_29,Ukraine
FOX,March_14,London
FOX,March_14,London
FOX,March_14,London
FOX,March_14,U.K.
FOX,March_14,Ukraine
FOX,March_14,Russia
FOX,March_14,U.S.
FOX,March_14,Russia
FOX,March_14,London
FOX,March_14,Russia
FOX,March_14,India
FOX,March_14,India
FOX,March_14,Russia
FOX,March_14,U.S.
FOX,March_28,Mariupol
FOX,March_28,Telegram
FOX,March_28,Ukrainian
FOX,March_28,Ukraine
FOX,March_14,Lucas
FOX,March_14,Miami
FOX,March_14,Ukrainian
FOX,March_14,Mariupol
FOX,March_12,Moscow
FOX,March_27,Ukraine
FOX,March_27,Tay Ukraine
FOX,March_27,Krasnohorivka
FOX,March_27,Donetsk
FOX,March_27,Kryvyi Rih
FOX,March_27,Ukraine
FOX,March_27,Krasnohorivka
FOX,March_27,Donetsk
FOX,March_27,Kryvyi
FOX,March_25,Russia
FOX,March_28,Russia
FOX,March_28,Serbia
FOX,March_28,Moscow
FOX,March_28,Russia
FOX,March_28,Russia
FOX,March_28,Serbia
FOX,March_28,Moscow
FOX,March_28,Ukraine
FOX,March_28,Serbia
FOX,March_28,Russia
FOX,March_28,Belgrade
FOX,March_28,the United States
FOX,March_28,Moscow
FOX,March_16,US
FOX,March_17,UK
FOX,March_17,Ukraine
FOX,March_17,Russia
FOX,March_17,Ukraine
FOX,March_17,Ukrainian
FOX,March_17,Ukrainian
FOX,March_17,Ukrainian
FOX,March_17,Ukraine
FOX,March_17,Ukraine
FOX,March_14,Ukraine
FOX,March_27,Russia
FOX,March_27,Ukraine
FOX,March_26,Ukraine
FOX,March_26,U.S.
FOX,March_26,Irpin
FOX,March_13,Ukraine
FOX,March_13,Antalya
FOX,March_13,Turkey
FOX,March_13,Russia
FOX,March_13,Ukraine
FOX,March_13,Russia
FOX,March_24,Ukraine
FOX,March_16,Ukraine
FOX,March_16,the United States
FOX,March_16,Ukraine
FOX,March_16,Russia
FOX,March_16,Ukraine
FOX,March_16,Civitan
FOX,March_16,Ukrainian
FOX,March_16,Zaporizhzhia
FOX,March_16,Zaporizhzhia
FOX,March_28,Russia
FOX,March_28,U.S.
FOX,March_28,Poland
FOX,March_28,Russia
FOX,March_28,US
FOX,March_28,Ukraine
FOX,March_28,Russia
FOX,March_28,France
FOX,March_28,Germany
FOX,March_28,Italy
FOX,March_28,the United Kingdom
FOX,March_28,Russia
FOX,March_28,Ukraine
FOX,March_28,Ukraine
FOX,March_28,Ukraine
FOX,March_28,Ukraine
FOX,March_28,Turkey
FOX,March_28,Ukraine
FOX,March_28,Ukraine
FOX,Maren_17,Ukraine
FOX,Maren_17,Ukraine
FOX,Maren_17,the Russian Federation
FOX,Maren_17,the Russian Federation
FOX,Maren_17,Netherlands
FOX,Maren_17,the Russian Federation's
FOX,Maren_17,Ukraine
FOX,Maren_17,Credibull
FOX,March_27,Moscow
FOX,March_27,Ukrainian
FOX,March_27,Russia
FOX,March_27,Ukrainian
FOX,March_27,Lviv
FOX,March_27,the Russian Federation
FOX,March_27,Lviv
FOX,March_17,UK
FOX,March_17,Ukraine
FOX,March_17,UK
FOX,March_17,Russia
FOX,March_17,Ukraine
FOX,March_17,Russia
FOX,March_17,Russia
FOX,March_17,Russia
FOX,March_29,Russia
FOX,March_29,Ukraine
FOX,March_29,Ukraine
FOX,March_29,Kiev
FOX,March_29,Ukraine
FOX,March_29,Ukraine
FOX,March_29,Ukraine
FOX,March_29,Kiev
FOX,March_29,Ukraine
FOX,March_29,Russia
FOX,March_29,Russia
FOX,March_23,Ukraine
FOX,March_23,Russia
FOX,March_23,Ukrainian
FOX,March_23,G7
FOX,March_23,Russia
FOX,March_23,Ukrainian
FOX,March_21,Retroville
FOX,March_21,Kyiv
FOX,March_21,Ukraine
FOX,March_21,Ukraine
FOX,March_21,Soviet Army
FOX,March_21,America
FOX,March_21,Russia
FOX,March_23,Russia
FOX,March_23,Russia
FOX,March_23,Russia
FOX,March_23,Ukraine
FOX,March_23,Russia
FOX,March_23,U.S.
FOX,March_23,Ukraine
FOX,March_24,Russia
FOX,March_24,Russia
FOX,March_24,Ukraine
FOX,March_24,Russia
FOX,March_24,Russia
FOX,March_24,Russia
FOX,March_24,Moscow
FOX,March_25,Russia
FOX,March_25,Moscow
FOX,March_25,Russia
FOX,March_25,Moscow
FOX,March_25,Ukraine
FOX,March_25,Russia
FOX,March_24,Ukraine
FOX,March_24,Ukraine
FOX,March_24,Ukraine
FOX,March_24,the United States
FOX,March_24,Ukraine
FOX,Maren_17,Russia
FOX,Maren_17,Russia
FOX,Maren_17,Belarus
FOX,Maren_17,Ukraine
FOX,Maren_17,The United States
FOX,March_22,Russia
FOX,March_22,Russia
FOX,March_22,Ukraine
FOX,March_22,Ukraine
FOX,Maren_19,Ukraine
FOX,Maren_19,Ukraine
FOX,Maren_19,Ukrainian
FOX,March_26,US
FOX,March_29,Chernobyl
FOX,March_29,Chernobyl
FOX,March_29,Ukraine
FOX,March_29,Russia
FOX,March_29,Chernobyl
FOX,March_29,the Soviet Union
FOX,March_29,Ukraine
FOX,March_29,Ukraine
FOX,March_29,Russia
FOX,March_29,Interfax
FOX,March_29,Ukraine
FOX,March_29,Zhuravlyovka
FOX,March_29,Belgorod
FOX,March_29,Ukraine
FOX,March_29,Ukraine
FOX,March_29,Russia
FOX,March_24,Ukraine
FOX,March_24,Russia
FOX,March_12,Ukraine
FOX,March_12,Mariupol
FOX,March_12,Russia
FOX,March_12,Ukraine
FOX,March_28,Russia
FOX,March_28,UK
FOX,March_28,BELARUS
FOX,March_28,Ukraine
FOX,March_28,Ukraine
FOX,March_28,the United Kingdom's
FOX,March_28,Ukraine
FOX,March_28,Russia
FOX,March_28,Russia
FOX,March_18,Mykolayiv
FOX,March_18,Ukraine
FOX,March_18,Russia
FOX,March_14,Ukraine
FOX,March_14,Russia
FOX,March_14,Russia
FOX,March_14,Chechnya
FOX,March_14,Ukraine
FOX,March_14,U.S
FOX,March_28,Russia
FOX,March_28,Russia
FOX,March_28,Russia
FOX,March_28,Ukraine
FOX,March_14,Ukrainian
FOX,March_14,Marin
FOX,March_16,U.S.
FOX,March_16,Ukraine
FOX,March_16,Ukraine
FOX,Maren_15,Russia
FOX,Maren_15,US
FOX,Maren_15,Russia
FOX,March_30,Ukraine
FOX,March_30,Ukraine
FOX,March_30,Ukraine
FOX,March_28,UKRAINE
FOX,March_13,Ukraine
FOX,March_30,France
FOX,March_18,Syria
FOX,March_18,Ukraine
FOX,March_18,Syria
FOX,March_18,Ukraine
FOX,March_18,Russia
FOX,March_18,Syria
FOX,March_18,Ukraine
FOX,March_18,Ukraine
FOX,March_18,Moscow
FOX,March_18,Ukraine
FOX,March_18,Lv
FOX,March_18,Ukraine
FOX,March_18,Lviv
FOX,March_18,Ukrainian
FOX,March_18,Poland
FOX,March_18,Ukraine
FOX,March_18,Russia
FOX,March_18,Lviv
FOX,March_18,Poland
FOX,March_18,Ukraine
FOX,March_17,Lithuania
FOX,March_17,UNITED KINGDOM
FOX,March_17,Ukraine
FOX,March_17,Lithuania
FOX,March_17,Ukraine
FOX,March_17,Ukraine
FOX,March_17,Slovenia
FOX,March_17,Estonia
FOX,March_17,Russia
FOX,March_17,Ukraine
FOX,March_17,Russia
FOX,March_13,Poland
FOX,March_13,Indiana
FOX,March_13,Ukraine
FOX,March_12,Moscow
FOX,March_12,Ukraine
FOX,March_12,Ukraine
FOX,March_12,Ukraine
FOX,March_12,Ukraine
FOX,March_27,U.S.
FOX,March_27,Ukraine
FOX,March_27,Ukraine
FOX,March_27,Ukraine
FOX,March_27,Ukraine
FOX,March_18,Ukraine
FOX,March_24,Russia
FOX,March_24,Ukraine
FOX,March_24,Russia
FOX,March_24,Belarus
FOX,March_24,Syria
FOX,March_24,North Korea
FOX,March_24,Eritrea
FOX,March_24,Russia
FOX,March_24,China
FOX,March_24,Russia
FOX,March_25,Russia
FOX,March_25,Georgia
FOX,March_26,Qatar
FOX,March_26,Doha
FOX,March_26,Russia
FOX,March_26,Ukraine
FOX,March_26,Ukraine
FOX,March_16,Ukraine
FOX,March_16,Ukraine
FOX,March_17,US
FOX,March_17,Ukraine
FOX,March_19,Ukraine
FOX,March_19,Ukraine
FOX,March_19,Ukraine
FOX,March_22,the United States
FOX,March_22,the Russian Federation
FOX,March_22,the United States
FOX,March_22,Russia
FOX,March_22,Russia
FOX,March_14,US
FOX,March_14,Ukraine
FOX,March_14,U.S.
FOX,March_14,Ukraine
FOX,March_14,Ukraine
FOX,March_16,Tay Ukraine
FOX,March_18,Leyen
FOX,March_18,Credibull
FOX,March_29,Ukraine
FOX,March_29,Russia
FOX,March_29,St.Petersburg
FOX,March_29,Russia
FOX,March_29,Russia
FOX,March_29,Ukraine
FOX,March_29,Ukraine
FOX,March_29,Russia
FOX,March_29,Germany
FOX,March_29,Lithuania
FOX,March_26,Ukraine
FOX,March_26,Ukraine
FOX,March_17,Ukraine
FOX,March_17,Russia
FOX,March_17,Russia
FOX,March_17,Moscow
FOX,March_17,Russia
FOX,March_17,Moscow
FOX,March_16,Ukraine
FOX,March_16,Russia
FOX,March_22,Turkey
FOX,March_22,Marmaris
FOX,March_22,Turkey
FOX,March_22,Turkey
FOX,March_22,Turkey
FOX,March_22,Russia
FOX,March_22,Ukraine
FOX,March_22,Turkey
FOX,March_22,Russia
FOX,March_22,Ukraine
FOX,March_22,Moscow
FOX,March_22,Ukraine
FOX,March_21,Ukrainian
FOX,March_21,Ukraine
FOX,March_21,Ukraine
FOX,March_21,Ukrainian
FOX,March_21,Ukraine
FOX,March_21,Ukraine
FOX,March_21,Ukraine
FOX,March_26,Germany
FOX,March_26,Ukraine
FOX,March_17,Slovak
FOX,March_17,Russia
FOX,March_17,Ukraine
FOX,March_29,Blinken
FOX,March_29,US
FOX,March_29,Russia
FOX,March_29,US
FOX,March_29,Morocco
FOX,March_29,Rabat Morocco
FOX,March_29,US
FOX,March_29,Russia
FOX,March_29,Ukraine
FOX,March_29,Russia
FOX,March_29,Russia
FOX,March_29,Morocco
FOX,March_29,Russia
FOX,March_29,Ukraine
FOX,March_29,Ukraine
FOX,March_29,Russia
FOX,March_29,Ukraine
FOX,March_29,Russia
FOX,March_29,Russia
FOX,March_29,Ukraine
FOX,March_29,Ukraine
FOX,March_29,Russia
FOX,March_21,Germany
FOX,March_21,Buchenwald
FOX,March_21,Ukrainian
FOX,March_21,Kharkiv Ukraine
FOX,March_12,Israel
FOX,March_12,Ukraine
FOX,March_12,PM @naftalibennett
FOX,March_22,Russia
FOX,March_22,Ukraine
FOX,March_22,U.S.
FOX,March_22,Russia
FOX,March_22,Ukraine
FOX,March_23,Latvia
FOX,March_23,Latvia
FOX,March_23,Ukraine
FOX,March_29,Russia
FOX,March_29,Ukraine
FOX,March_29,Moscow
FOX,March_29,Russia
FOX,March_29,Ukraine
FOX,March_29,Russia
FOX,March_29,Ukraine
FOX,March_17,Ukraine
FOX,March_17,Ukraine
FOX,March_17,Russia
FOX,March_17,Russia
FOX,March_26,Russia
FOX,March_26,U.S.
FOX,March_27,Ukrainian
FOX,March_27,Moscow
FOX,March_27,Moldova
FOX,March_27,Russia
FOX,March_24,Russia
FOX,March_24,Russia
FOX,March_24,Ukraine
FOX,March_16,Russia
FOX,March_16,Russia
FOX,March_16,Ukraine
FOX,March_27,WARSAW
FOX,Maren_15,Ukraine
FOX,Maren_15,U.S.
FOX,Maren_15,Ukraine
FOX,Maren_15,China
FOX,Maren_15,Estonia
FOX,March_13,Ukrainian
FOX,March_13,Jerusalem
FOX,March_13,Moscow
FOX,March_13,Ukraine
FOX,March_13,Russia
FOX,Maren_17,Ukraine
FOX,Maren_17,Ukraine
FOX,Maren_17,New York City
FOX,Maren_17,East Village
FOX,Maren_17,Manhattan
FOX,Maren_17,New York City
FOX,March_12,US
FOX,March_12,U.S.
FOX,March_12,Moscow
FOX,March_12,Ukraine
FOX,March_12,Russia
FOX,March_12,U.S.
FOX,March_12,Russia
FOX,March_12,Moscow
FOX,March_12,Ukraine Pome
FOX,March_12,Ukraine
FOX,March_24,Russia
FOX,March_24,Russia
FOX,March_24,Russia
FOX,March_24,Indonesia
FOX,March_24,Ukraine
FOX,March_24,Indonesia
FOX,March_24,US
FOX,March_24,Ukraine
FOX,March_24,Brussels
FOX,March_24,U.S.
FOX,March_24,Ukraine
FOX,March_24,the United States
FOX,March_28,Ukraine
FOX,March_28,Ukraine
FOX,March_28,Ukraine
FOX,March_28,Russia
FOX,March_28,Ukraine
FOX,March_24,US
FOX,March_24,the United States
FOX,March_24,Russia
FOX,March_24,Ukraine
FOX,March_24,Russia
FOX,March_24,the United States
FOX,March_28,Poland
FOX,March_28,Ukraine
FOX,March_28,U.S.
FOX,March_28,Warsaw
FOX,March_28,Poland
FOX,March_28,Poland
FOX,March_19,US
FOX,March_19,The United States
FOX,March_19,Russia
FOX,March_19,Ukraine
FOX,March_19,U.S.
FOX,March_19,The United States
FOX,March_19,Russia
FOX,March_19,Ukraine
FOX,March_19,U.S.
FOX,March_19,Russia
FOX,March_19,U.S.
FOX,March_19,Russia
FOX,March_19,the United States
FOX,March_18,Poland
FOX,March_18,Ukrainian
FOX,March_18,Poland
FOX,March_18,Ukrainian
FOX,March_18,Poland
FOX,March_18,Ukraine
FOX,March_18,Poland
FOX,March_18,Ukraine
FOX,March_18,Virginia Beach
FOX,March_18,Ukraine
FOX,March_18,America
FOX,March_29,Russia
FOX,March_29,Russia
FOX,March_29,Russia
FOX,March_29,Ukraine
FOX,March_16,Ukraine
FOX,March_16,China
FOX,March_16,Taiwan
FOX,March_16,Russia
FOX,March_16,Ukraine
FOX,March_16,Taiwan
FOX,March_16,Moscow
FOX,March_16,Taiwan
FOX,March_16,Russia
FOX,March_16,China
FOX,March_16,the United States
FOX,March_16,China
FOX,March_22,Ukraine
FOX,March_22,Lviv
FOX,March_22,Ukraine
FOX,March_22,Poland
FOX,March_22,Ukraine
FOX,March_22,Ukraine
FOX,March_12,Russia
FOX,March_12,Ukrainian
FOX,March_12,US
FOX,March_12,Russia
FOX,March_12,Ukraine
FOX,March_27,Ukraine
FOX,March_27,Russia
FOX,March_27,Ukraine
FOX,March_27,Moscow
FOX,Maren_19,Ukraine
FOX,Maren_19,Russia
FOX,Maren_19,Ukraine
FOX,Maren_19,Russia
FOX,March_21,Ukrainian
FOX,March_21,Russia
FOX,March_21,Ukraine
FOX,March_21,Ukraine
FOX,March_21,Vereshchuk
FOX,March_21,Russia
FOX,March_21,Ukraine
FOX,March_21,US
FOX,March_21,Ukraine
FOX,March_21,U.S.
FOX,March_21,Ukraine
FOX,March_21,Danielle
FOX,March_21,Ukraine
FOX,March_21,Russia
FOX,March_21,Russia
FOX,March_21,Russia
FOX,March_21,Ukraine
FOX,March_21,Russia
FOX,March_21,U.S.
FOX,March_21,Ukraine
FOX,March_12,China
FOX,March_12,China
FOX,March_12,Russia
FOX,March_12,China
FOX,March_12,China
FOX,March_12,China
FOX,March_12,China
FOX,March_26,Budapest
FOX,March_26,Hungary
FOX,March_26,Russia
FOX,March_26,Budapest Hungary's
FOX,March_26,Russia
FOX,March_26,Ukrainian
FOX,March_26,Hanucasia
FOX,March_19,Ukraine
FOX,March_19,Ukraine
FOX,March_19,Makariv
FOX,March_19,Ukraine
FOX,March_19,Makariv
FOX,March_14,UKRAINE
FOX,March_13,Russia
FOX,March_13,Russia
FOX,March_13,Ukraine
FOX,March_13,Russia
FOX,March_13,Ukraine
FOX,EEE_ween,Lviv D> sett
FOX,EEE_ween,Lviv
FOX,EEE_ween,Lviv
FOX,EEE_ween,Warsaw
FOX,March_26,Germany
FOX,March_26,Germany
FOX,March_26,Ukraine
FOX,March_26,Germany
FOX,March_26,Ukraine
FOX,March_16,Ukrainian
FOX,March_16,Ukrainian
FOX,March_16,Chemihiv
FOX,March_16,Chemihiv
FOX,March_16,Ukraine
FOX,March_19,Russia
FOX,March_19,Ukraine
FOX,March_19,Russia
FOX,March_19,Ukraine
FOX,March_19,Kazakhstan
FOX,EEE_ween,Ukraine
FOX,EEE_ween,Ukraine
FOX,EEE_ween,Poland
FOX,EEE_ween,Russia
FOX,EEE_ween,the United States
FOX,March_25,Poland
FOX,March_25,US
FOX,March_25,Brussels
FOX,March_25,Poland
FOX,March_25,the United States
FOX,March_25,Russia
FOX,March_25,Ukraine
FOX,March_29,US
FOX,March_29,Poland
FOX,March_29,Connecticut
FOX,March_29,Poland
FOX,March_15,Ukraine
FOX,March_15,Ukraine
FOX,March_15,Ukraine
FOX,March_15,Russia
FOX,March_15,Ukraine
FOX,March_15,Russia
FOX,March_15,Ukraine
FOX,March_18,Ukraine
FOX,March_18,Lviv
FOX,March_18,Ukraine
FOX,March_18,Lviv
FOX,March_18,Ukraine
FOX,March_29,France
FOX,March_29,Germany
FOX,March_29,Italy
FOX,March_29,UK
FOX,March_29,France
FOX,March_29,Germany
FOX,March_29,Italy
FOX,March_29,the United Kingdom
FOX,March_29,Russia
FOX,March_29,Ukraine
FOX,March_13,Ukraine
FOX,March_13,US
FOX,March_13,Wisconsin
FOX,March_13,Florida
FOX,March_13,Ukraine
FOX,March_13,Russia
FOX,March_15,Russia
FOX,March_15,US
FOX,March_15,Russia
FOX,March_15,Ukraine
FOX,March_15,U.S.
FOX,March_15,the United States
FOX,March_15,the Russian Federation Read
FOX,March_16,Russia
FOX,March_16,Ukraine
FOX,March_16,Ukraine
FOX,March_16,Russia
FOX,March_26,China
FOX,March_26,Russia
FOX,March_26,Russia
FOX,March_26,Ukraine
FOX,March_26,Beijing
FOX,March_26,Moscow
FOX,March_26,Russia
FOX,March_26,Russia
FOX,March_26,China
FOX,March_26,Russia
FOX,March_26,U.S.
FOX,March_26,China
FOX,March_26,Ukraine
FOX,March_26,Russia
FOX,March_26,China
FOX,March_28,US
FOX,March_28,U.S.
FOX,March_28,Russia
FOX,March_28,Ukraine
FOX,March_28,Ukraine
FOX,March_28,U.S.
FOX,March_28,Ukraine
FOX,March_28,US
FOX,March_28,Ukraine
FOX,March_17,Russia
FOX,March_14,Ukraine
FOX,March_14,Russia
FOX,March_14,Ukraine
FOX,March_14,Poland
FOX,March_22,Moscow
FOX,March_22,Russia
FOX,March_22,Germany
FOX,March_15,Ukraine
FOX,March_15,U.S.
FOX,March_29,Keane
FOX,March_29,Russia
FOX,March_12,Ukraine
FOX,March_12,Ukraine
FOX,March_12,Zaporizhzhia
FOX,March_12,Rosatom
FOX,March_12,Kotin
FOX,March_12,Energoatom
FOX,March_15,Ukraine
FOX,March_15,Ukraine
FOX,March_15,Ukraine
FOX,March_15,Ukraine
FOX,March_27,Russia
FOX,March_27,Ukraine
FOX,March_26,Ukraine
FOX,Maren_19,Ukraine
FOX,Maren_19,Ukraine
FOX,Maren_19,Lviv
FOX,Maren_19,Ukraine
FOX,March_15,Ukraine
FOX,March_15,Sirt Romania
FOX,March_15,Ukraine
FOX,March_15,Poland
FOX,March_15,Romania
FOX,March_17,Russia
FOX,March_17,the Russian Federation
FOX,March_27,Lviv
FOX,March_12,Poland
FOX,March_12,Poland
FOX,March_12,Poland
FOX,March_16,Russia
FOX,March_14,Ukraine
FOX,March_14,Ukraine
FOX,March_22,Florida
FOX,March_22,Ukraine
FOX,March_22,Russia
FOX,March_16,Ukraine
FOX,March_16,Ukraine
FOX,March_16,Russia
FOX,March_16,the United States
FOX,March_16,U.S.
FOX,March_23,Ukraine
FOX,March_23,Ukraine
FOX,March_23,Russia
FOX,March_23,Ukraine
FOX,March_19,Ukraine
FOX,March_13,Voznesensk
FOX,March_13,Ukraine
FOX,March_27,Poland
FOX,March_27,Lviv
FOX,March_27,Poland
FOX,March_18,Ukraine
FOX,March_18,Ukraine
FOX,March_18,Ukraine
FOX,March_18,Russia
FOX,March_18,Ukraine
FOX,March_18,Russia
FOX,March_18,Ukraine
FOX,March_18,Ukraine
FOX,March_18,Ukraine
FOX,March_29,Ukraine
FOX,March_29,the Russian Federation
FOX,March_21,Israel
FOX,March_21,Jerusalem
FOX,March_21,Ukraine
FOX,March_14,Russia
FOX,March_14,Ukraine
FOX,March_14,Ukraine
FOX,March_14,China
FOX,March_14,Check
FOX,March_25,Russia
FOX,March_25,Mariupol
FOX,March_25,Russia
FOX,March_25,Russia
FOX,March_25,Phoenix
FOX,March_17,Russia
FOX,March_17,Russia
FOX,March_17,Russia
FOX,March_17,Russia
FOX,March_17,Ukraine
FOX,March_17,Russia
FOX,March_21,Ukraine
FOX,March_21,Chernobyl
FOX,March_21,Ukraine
FOX,March_21,Ukraine
FOX,March_21,Chernobyl
FOX,March_21,Ina
FOX,March_21,Russia
FOX,March_21,Ukraine
FOX,March_16,Russia
FOX,March_16,Ukraine
FOX,March_18,Ukraine
FOX,March_18,Ukraine
FOX,March_18,Ukraine
FOX,March_18,Geneva
FOX,March_18,Poland
FOX,March_18,Ukraine
FOX,March_18,Poland
FOX,March_18,Ukraine
FOX,March_21,Texas
FOX,March_21,America
FOX,March_21,Germany
FOX,March_21,Poland
FOX,March_21,Ukrainian
FOX,Maren_17,Ukraine
FOX,Maren_17,Ukraine
FOX,March_27,Russia
FOX,March_27,Russia
FOX,March_27,Ukraine
FOX,March_16,Ukraine
FOX,March_18,Ukraine
FOX,March_18,Russia
FOX,March_29,Ukraine
FOX,March_29,Moscow
FOX,March_29,Ukraine
FOX,March_29,Ukraine
FOX,March_29,Ukraine
FOX,March_29,Moscow
FOX,March_29,Ukrainian
FOX,March_29,Irpin
FOX,March_29,the United Kingdom's
FOX,March_29,Russia
FOX,March_29,Ukraine
FOX,March_29,the Russian Federation
FOX,March_29,Russia
FOX,March_29,Ukraine
FOX,March_29,Ukrainian
FOX,March_29,Donbas
FOX,March_29,Ukraine
FOX,March_29,Moscow
FOX,March_12,Moscow
FOX,March_12,Ukraine
FOX,March_12,Russia
FOX,March_12,Ukraine
FOX,March_12,Russia
FOX,March_12,Moscow
FOX,March_12,Moscow
FOX,March_25,Erdogan
FOX,March_25,Ukraine
FOX,March_25,Russia
FOX,March_25,Brussels
FOX,March_25,Ukraine
FOX,March_25,Russia
FOX,March_25,Turkey
FOX,March_25,Belarus
FOX,March_25,Ukraine
FOX,March_25,Ukraine
FOX,March_25,Russia
FOX,March_14,Ukraine
FOX,March_16,Russia
FOX,March_16,U.S.
FOX,March_16,Ukraine
FOX,March_18,China
FOX,March_18,Russia
FOX,March_18,China
FOX,March_18,Russia
FOX,March_18,China
FOX,March_18,Russia
FOX,March_18,Ukraine
FOX,March_18,U.S.
FOX,March_18,Taiwan
FOX,March_18,U.S.
FOX,March_18,China
FOX,March_18,U.S.
FOX,March_18,Russia
FOX,March_18,Russia
FOX,March_18,Ukraine
FOX,March_18,China
FOX,March_18,U.S.
FOX,March_18,China
FOX,March_18,Russia
FOX,March_18,Ukraine
FOX,March_18,Russia
FOX,March_18,Ukraine
FOX,March_18,US
FOX,March_18,Russia
FOX,March_18,Ukraine
FOX,March_18,Russia
FOX,March_18,Ukraine
FOX,March_18,China
FOX,March_18,Russia
FOX,March_18,China
FOX,March_18,U.S.
FOX,March_18,China
FOX,March_18,Russia
FOX,March_18,Russia
FOX,March_18,Ukraine
FOX,March_18,the United States
FOX,March_18,Russia
FOX,March_18,China
FOX,March_18,US
FOX,March_18,China
FOX,March_18,China
FOX,March_18,China
FOX,March_18,US
FOX,March_18,Taiwan
FOX,March_18,China
FOX,March_18,America
FOX,March_27,Russia
FOX,March_27,Ukraine
FOX,March_27,Turkey
FOX,March_27,Ukrainian
FOX,March_27,Istanbul
FOX,March_27,Russia
FOX,March_27,Ukraine
FOX,March_27,Turkey
FOX,March_27,Russia
FOX,March_27,Ukraine
FOX,March_27,Turkey
FOX,March_22,US
FOX,March_22,Russia
FOX,March_22,Ukraine
FOX,March_22,Ukraine
FOX,March_22,US
FOX,March_22,Ukraine
FOX,March_22,Russia
FOX,March_22,Ukraine
FOX,March_12,Medyka
FOX,March_12,Poland
FOX,March_12,Poland
FOX,March_12,Poland
FOX,March_12,Ukraine
FOX,March_12,Berlin
FOX,March_12,Romania
FOX,March_12,Poland
FOX,March_12,Romania
FOX,March_18,US
FOX,March_18,Ukrainian
FOX,March_19,Russia
FOX,March_19,Ukraine
FOX,March_19,Ukraine
FOX,March_19,Russia
FOX,March_19,Russia
FOX,March_19,Russia
FOX,March_19,Ukraine
FOX,March_19,Moscow
FOX,March_19,Russia
FOX,March_19,Russia
FOX,March_14,Poland
FOX,March_14,Ukraine
FOX,March_14,Russia
FOX,March_14,U.S.
FOX,March_14,Ukraine
FOX,March_14,Russia
FOX,March_14,Ukraine
FOX,March_14,U.S.
FOX,March_14,Ukraine
FOX,March_14,Russia
FOX,March_14,U.S.
FOX,March_14,Poland
FOX,March_14,Ukraine
FOX,March_21,Ukraine
FOX,March_21,Russia
FOX,March_21,Russia
FOX,March_21,Russia
FOX,March_22,Russia
FOX,March_22,Ukraine
FOX,March_22,Moscow
FOX,March_22,Ukraine
FOX,March_22,Ukraine
FOX,2st_5755,China
FOX,2st_5755,Moscow
FOX,2st_5755,Luhansk
FOX,2st_5755,Ukraine
FOX,2st_5755,US
FOX,2st_5755,Ukraine
FOX,2st_5755,Sokolovska
FOX,2st_5755,Beverly Hills
FOX,2st_5755,Calif.
FOX,2st_5755,Sokolovska
FOX,2st_5755,Russia
FOX,2st_5755,Ukraine
FOX,2st_5755,Russia
FOX,2st_5755,Ukraine
FOX,2st_5755,Ukraine
FOX,2st_5755,Ukraine
FOX,2st_5755,Russia
FOX,2st_5755,Ukraine
FOX,2st_5755,Chernobyl
FOX,2st_5755,Russia
FOX,2st_5755,Ukraine
FOX,2st_5755,Israel
FOX,2st_5755,Ukraine
FOX,2st_5755,Israel
FOX,2st_5755,Russia
FOX,2st_5755,Russia
FOX,2st_5755,Nazi Germany
FOX,2st_5755,Israel
FOX,2st_5755,Ukraine
FOX,2st_5755,Russia
FOX,2st_5755,Israel
FOX,2st_5755,Ukraine
FOX,2st_5755,Israel
FOX,2st_5755,Russia
FOX,2st_5755,Ukraine
FOX,2st_5755,Russia
FOX,2st_5755,Ukraine
FOX,2st_5755,Russia
FOX,2st_5755,Russia
FOX,2st_5755,Russia
FOX,2st_5755,Russia
FOX,2st_5755,Israel
FOX,2st_5755,Moscow
FOX,2st_5755,Ukraine
FOX,2st_5755,Israel
FOX,2st_5755,Russia
FOX,2st_5755,Israel
FOX,2st_5755,Moscow
FOX,2st_5755,Ukraine
FOX,2st_5755,Russia
FOX,2st_5755,Russia
FOX,2st_5755,Ukraine
FOX,2st_5755,Ukraine
FOX,2st_5755,Ukraine
FOX,2st_5755,Stoltenberg
FOX,2st_5755,Russia
FOX,2st_5755,Ukraine
FOX,2st_5755,Ukraine
FOX,2st_5755,Russia
FOX,2st_5755,Ukraine
FOX,2st_5755,Ukraine
FOX,2st_5755,Ukraine
FOX,2st_5755,Ukraine
FOX,2st_5755,Ukraine
FOX,2st_5755,Ukraine
FOX,2st_5755,Ukraine
FOX,2st_5755,Belarus
FOX,2st_5755,Ukraine
FOX,2st_5755,the Republic of Belarus
FOX,2st_5755,Ukraine
FOX,2st_5755,Ukraine
FOX,2st_5755,Russia
FOX,2st_5755,Ukraine
FOX,2st_5755,Ukraine
FOX,2st_5755,Russia
FOX,2st_5755,Russia
FOX,2st_5755,Ukraine
FOX,2st_5755,Ukraine
FOX,2st_5755,US
FOX,2st_5755,Russia
FOX,2st_5755,U.S.
FOX,2st_5755,Russia
FOX,2st_5755,Russia
FOX,2st_5755,Ukraine
FOX,2st_5755,Ukraine
FOX,2st_5755,Russia
FOX,2st_5755,Russia
FOX,2st_5755,Russia
FOX,2st_5755,Russia
FOX,2st_5755,Ukraine
FOX,2st_5755,Mariupol
FOX,2st_5755,Mariupol
FOX,2st_5755,Ukraine
FOX,2st_5755,Kharkiv
FOX,2st_5755,Ukraine
FOX,2st_5755,Ukraine
FOX,2st_5755,Ukraine
FOX,2st_5755,Nashville
FOX,2st_5755,Tennessee
FOX,2st_5755,Russia
FOX,2st_5755,Ukraine
FOX,2st_5755,Belarus
FOX,2st_5755,Russia
FOX,2st_5755,Ukraine
FOX,2st_5755,Belarus
FOX,2st_5755,Russia
FOX,2st_5755,Ukraine
FOX,2st_5755,Ukraine
FOX,2st_5755,Ukraine
FOX,2st_5755,Russia
FOX,2st_5755,U.K.
FOX,2st_5755,Russia
FOX,2st_5755,Ukraine
FOX,2st_5755,the Russian Federation
FOX,2st_5755,Mariu
FOX,2st_5755,Russia
FOX,2st_5755,New York
FOX,2st_5755,Ukraine
FOX,2st_5755,Ukraine
FOX,2st_5755,Mariupol
FOX,2st_5755,Russia
FOX,2st_5755,Ukraine
FOX,2st_5755,Russia
FOX,2st_5755,Russia
FOX,2st_5755,Ukraine
FOX,2st_5755,Moscow
FOX,2st_5755,Russia
FOX,2st_5755,China
FOX,2st_5755,Russia
FOX,2st_5755,Ukraine
FOX,2st_5755,Beijing
FOX,2st_5755,Russia
FOX,2st_5755,Ukraine
FOX,2st_5755,The United States
FOX,2st_5755,Russia
FOX,2st_5755,Ukraine
FOX,2st_5755,U.S.
FOX,2st_5755,Russia
FOX,2st_5755,U.S.
FOX,2st_5755,Russia
FOX,2st_5755,the United States
FOX,2st_5755,Russia
FOX,2st_5755,Ukraine
FOX,2st_5755,US
FOX,2st_5755,Ukraine
FOX,2st_5755,Poland
FOX,2st_5755,Poland
FOX,2st_5755,Ukraine
FOX,2st_5755,LIVE Germany's
FOX,2st_5755,Buchenwald
FOX,2st_5755,Ukrainian
FOX,2st_5755,Kharkiv
FOX,2st_5755,Ukraine
FOX,2st_5755,Ukrainian
FOX,2st_5755,Moscow
FOX,2st_5755,Russia
FOX,2st_5755,Ukraine
FOX,2st_5755,Ukraine
FOX,2st_5755,Mariupol
FOX,2st_5755,Ukraine
FOX,2st_5755,Ukraine
FOX,2st_5755,Russia
FOX,March_14,Ukraine
FOX,March_14,Ukraine
FOX,March_14,Ukraine
FOX,March_25,Ukraine
FOX,March_21,Ukraine
FOX,March_21,Chernobyl
FOX,March_21,Russia
FOX,March_14,Ukraine
FOX,March_14,Russia
FOX,March_14,Ukraine
FOX,March_14,Russia
FOX,March_14,Ukraine
FOX,March_14,Credibull
FOX,March_14,china
FOX,March_17,Ukrainian
FOX,March_17,Chernihiv
FOX,March_22,US
FOX,March_22,U.S.
FOX,March_22,Russia
FOX,March_22,America
FOX,March_22,U.S.
FOX,March_22,Ukraine
FOX,Maren_17,Ukraine
FOX,Maren_17,China
FOX,Maren_17,U.S.
FOX,March_23,Afghanistan
FOX,March_23,Afghanistan
FOX,March_23,Ukraine
FOX,March_23,USSR
FOX,March_23,Afghanistan
FOX,March_17,Oleksandra
FOX,March_17,Kuvshynova
FOX,March_16,U.S.
FOX,March_29,Russia
FOX,March_19,Russia
FOX,March_19,Ukraine
FOX,March_19,Russia
FOX,March_19,Russia
FOX,March_12,Ukraine Wisconsin
FOX,March_12,Florida
FOX,March_12,Ukraine
FOX,March_12,Russia
FOX,March_16,U.S.
FOX,March_16,Ukraine
FOX,March_16,Ukraine
FOX,March_17,Russia
FOX,March_17,Belarus
FOX,March_17,U.S.
FOX,March_22,Uecaine
FOX,March_22,Ukraine
FOX,March_21,Ukraine
FOX,March_21,Ukraine
FOX,March_21,Russia
FOX,March_21,Ukraine
FOX,March_18,Moscow
FOX,March_18,Moscow
FOX,March_18,Moscow
FOX,March_18,Ukraine
FOX,March_18,Moscow
FOX,March_18,Russia
FOX,March_18,Ukraine
FOX,March_18,U.S.S.R.
FOX,March_18,Ukraine
FOX,March_18,Ukraine
FOX,March_24,Brussels
FOX,March_24,Russia
FOX,March_24,Ukraine
FOX,March_15,Ukraine
FOX,March_15,US
FOX,March_29,Ukrainian
FOX,March_26,Ukraine
FOX,March_26,U.S.
FOX,March_26,Ukraine
FOX,March_18,Russia
FOX,March_18,Ukraine
FOX,March_18,Ukraine
FOX,March_18,Ukraine
FOX,March_18,Russia
FOX,March_26,Poland
FOX,March_26,Ukrainian
FOX,March_26,US
FOX,March_26,the United States
FOX,March_26,Poland
FOX,March_26,Russia
FOX,March_26,U.S.
FOX,March_26,Warsaw
FOX,March_26,Ukraine
FOX,March_26,Poland
FOX,March_26,Poland
FOX,March_26,Poland
FOX,March_26,the United States Click
FOX,March_16,US
FOX,March_16,Russia
FOX,March_14,US
FOX,March_14,U.S.
FOX,March_14,Russia
FOX,March_14,Ukraine
FOX,March_14,Ukraine
FOX,March_14,U.S
FOX,March_14,Germany
FOX,March_14,Ukraine
FOX,March_13,Ukraine
FOX,March_13,Ukraine
FOX,March_13,Ukraine
FOX,March_13,Ukraine
FOX,March_13,Ukraine
FOX,March_13,Russia
FOX,March_13,U.S.
FOX,March_13,Ukraine
FOX,March_13,Ukraine
FOX,March_25,Ukraine
FOX,Maren_19,Russia
FOX,Maren_19,Ukraine
FOX,Maren_19,UKRAINE
FOX,March_14,Russia
FOX,March_14,Russia
FOX,March_14,Russia
FOX,March_14,Ukraine
FOX,March_21,Ukraine
FOX,March_21,Moscow
FOX,March_21,Ukraine
FOX,March_21,U.S.
FOX,March_21,Moscow
FOX,March_21,Bulgaria
FOX,March_21,Slovakia
FOX,March_24,Russia
FOX,March_24,Ukraine
FOX,March_24,Brussels Belgium
FOX,March_24,Russia
FOX,March_24,Ukraine
FOX,March_15,Russia
FOX,March_15,Ukraine
FOX,March_15,Russia
FOX,March_15,Ukraine
FOX,March_15,Ukraine
FOX,March_26,Ukraine
FOX,March_26,Russia
FOX,Maren_17,US
FOX,Maren_17,US
FOX,Maren_17,U.S.
FOX,Maren_17,Ukraine
FOX,March_18,US
FOX,March_18,Russia
FOX,March_18,U.S.
FOX,March_18,Russia
FOX,March_18,Ukraine
FOX,March_18,Russia
FOX,March_18,Credibull
FOX,March_18,Preto
FOX,March_18,Ukraine
FOX,March_21,Russia
FOX,March_21,Syria
FOX,March_21,Ukraine
FOX,March_21,Ukraine
FOX,March_25,Russia
FOX,March_25,Moscow
FOX,March_25,Russia
FOX,March_25,Indonesia
FOX,March_25,U.S.
FOX,March_25,Russia
FOX,March_25,U.S.
FOX,March_25,Russia
FOX,March_14,Russia
FOX,March_14,Russia
FOX,March_14,Ukraine
FOX,March_14,Russia
FOX,March_14,Ukrainian
FOX,March_14,Russia
FOX,March_24,Ukraine
FOX,March_24,Ukraine
FOX,March_24,Ukraine
FOX,March_24,Ukraine
FOX,March_24,Russia
FOX,March_13,Ukraine
FOX,March_13,U.S.
FOX,March_13,Russia
FOX,March_13,U.S.
FOX,March_14,Ukraine
FOX,March_14,Russia
FOX,March_14,Ukraine
FOX,March_16,Ukrainian
FOX,March_28,Ukraine
FOX,March_28,Manchester City
FOX,March_28,Porto Portugal
FOX,March_28,Getty Images
FOX,March_28,Moscow
FOX,March_28,Ukraine
FOX,March_16,U.S.
FOX,March_16,Ukraine
FOX,March_16,Russia
FOX,March_16,Ukraine
FOX,March_16,Ukraine
FOX,March_16,Ukraine
FOX,March_16,the Russian Federation
FOX,March_16,Ukraine
FOX,March_16,Ukraine
FOX,March_16,Ukraine
FOX,March_16,Ukraine
FOX,March_24,Russia
FOX,March_24,Shoigu
FOX,March_24,Shoigu
FOX,March_24,Shoigu
FOX,March_24,US
FOX,March_24,U.S.
FOX,March_24,U.S.
FOX,March_24,Belgium
FOX,March_24,US
FOX,March_24,the Russian
FOX,March_24,New York
FOX,March_24,Ukraine
FOX,March_24,Bronx
FOX,March_24,Russia
FOX,March_24,the United States
FOX,Maren_15,US
FOX,Maren_15,U.S.
FOX,Maren_15,Ukraine
FOX,Maren_15,U.S.
FOX,Maren_15,Russia
FOX,Maren_15,U.S.
FOX,March_27,Ukraine
FOX,March_27,Ukraine
FOX,March_27,Ukraine
FOX,March_27,Moscow
FOX,March_27,Donbas
FOX,March_27,Ukraine
FOX,March_19,Russia
FOX,March_19,Ukraine
FOX,March_19,Russia
FOX,March_19,Ukraine
FOX,March_19,Russia
FOX,March_19,Russia
FOX,March_26,Ukraine
FOX,March_26,Dnipropetrovsk
FOX,March_18,Ukraine
FOX,March_18,Ukraine
FOX,March_24,Ukraine
FOX,March_24,Russia
FOX,March_24,Ukraine
FOX,March_24,Russia
FOX,March_24,Russia
FOX,March_24,Ukrainian
FOX,March_24,Ukraine
FOX,March_24,Russia
FOX,March_24,Russia
FOX,March_24,Russia
FOX,March_22,Ukraine
FOX,March_22,Ukraine
FOX,March_22,Russia
FOX,March_22,Ukraine
FOX,March_22,Russia
FOX,March_22,Russia
FOX,March_21,Slovenia
FOX,March_21,Ukraine
FOX,March_21,Slovenia
FOX,March_21,Slovenia
FOX,March_21,Ukraine
FOX,March_21,Ukraine
FOX,March_21,Poland
FOX,March_21,the Czech Republic
FOX,March_21,Ukraine
FOX,March_21,Slovenia
FOX,March_27,Ukraine
FOX,March_27,Ukraine
FOX,March_15,Russia
FOX,March_15,Russia
FOX,March_15,Ukraine
FOX,March_15,Ukraine
FOX,March_15,Ukraine
FOX,March_17,Russia
FOX,March_17,Ukraine
FOX,March_17,Russia
FOX,March_17,Russia
FOX,March_17,Ukraine
FOX,March_13,Britain
FOX,March_13,Ukraine
FOX,March_13,U.K.
FOX,March_13,Ukrainian
FOX,March_13,U.K.
FOX,March_14,Ukraine
FOX,March_21,Ukraine
FOX,March_21,Russia
FOX,March_21,Ukraine
FOX,March_28,Russia
FOX,March_28,Kyiv
FOX,March_28,Russia
FOX,March_28,the Russian Federation
FOX,March_28,Moscow
FOX,March_28,Ukraine
FOX,March_28,Russia
FOX,March_16,Ukraine
FOX,March_16,America
FOX,March_27,U.S.
FOX,March_27,United States
FOX,March_27,Poland
FOX,March_27,Ukraine
FOX,March_27,the United States
FOX,March_27,U.S.
FOX,March_27,Ukraine
FOX,March_27,the United States
FOX,March_27,U.S.
FOX,March_27,Ukraine
FOX,March_19,Russia
FOX,March_19,China
FOX,March_13,U.S.
FOX,March_13,Ukraine
FOX,March_13,U.S.
FOX,March_13,Russia
FOX,March_13,Ukraine
FOX,March_13,U.S.
FOX,March_23,Chernobyl
FOX,March_23,Chernobyl
FOX,March_23,Russia
FOX,March_18,Ukraine
FOX,March_18,U.S.
FOX,Maren_19,US
FOX,Maren_19,Ukraine
FOX,Maren_19,U.S.
FOX,Maren_19,Ukraine
FOX,Maren_19,Chemihiv
FOX,Maren_19,Ukraine
FOX,Maren_19,Ukraine
FOX,Maren_19,Russia
FOX,Maren_19,Ukraine
FOX,Maren_19,Ukraine
FOX,Maren_19,Ukraine
FOX,March_13,Ternivka
FOX,March_13,Ukraine
FOX,March_13,Ukraine
FOX,Maren_15,U.S.
FOX,March_17,Uzbekistan
FOX,March_17,Ukraine
FOX,March_17,Ukraine
FOX,March_17,Uzbekistan
FOX,March_17,Uzbekistan
FOX,March_17,Luhansk
FOX,March_24,America
FOX,March_24,U.S.
FOX,March_24,Ukraine
FOX,March_14,Russia
FOX,March_14,Poland
FOX,March_14,America
FOX,March_14,Russia
FOX,March_14,Ukraine
FOX,March_24,Russia
FOX,March_24,Russia
FOX,March_24,Ukraine
FOX,March_24,U.S.
FOX,March_24,Ukraine
FOX,March_24,Ukraine
FOX,March_24,Russia
FOX,March_24,Russia
FOX,March_19,Russia
FOX,March_19,UK
FOX,March_19,Ukraine
FOX,March_19,UK
FOX,March_19,UK
FOX,March_19,Russia
FOX,March_19,Russia
FOX,March_14,Ukraine
FOX,March_14,California
FOX,March_14,London
FOX,March_14,Ukraine
FOX,March_14,Ukraine
FOX,March_12,Ukraine
FOX,March_12,Russia
FOX,March_12,Ukraine
FOX,March_12,Nogpobuui
FOX,March_12,Ukrainian
FOX,March_12,Russia
FOX,March_12,Ukraine
FOX,March_18,Moscow
FOX,March_18,Moscow
FOX,March_18,Moscow
FOX,March_18,Russia
FOX,March_18,Ukraine
FOX,March_18,Ukraine
FOX,March_17,Russia
FOX,March_17,Ukraine
FOX,March_17,Ukraine
FOX,March_17,Russia
FOX,March_17,Ukraine
FOX,March_22,Russia
FOX,March_22,Rome
FOX,March_22,Italy
FOX,March_22,Rome
FOX,March_22,Kyiv
FOX,March_22,Ukraine
FOX,March_22,Russia
FOX,March_22,Italy
FOX,March_22,Genoa
FOX,March_22,Italy
FOX,March_22,Russia
FOX,March_16,Ukraine
FOX,March_16,Ukraine
FOX,March_16,Kuvshynova
FOX,March_18,Mariupol
FOX,March_21,U.S.
FOX,March_21,Russia
FOX,March_21,the United States
FOX,March_21,Russia
FOX,March_21,Russia
FOX,March_21,Russia
FOX,March_22,Russia
FOX,March_22,UK
FOX,March_22,the United Kingdom's
FOX,March_22,Ukraine
FOX,March_29,Mihailo Podolyuak
FOX,March_21,the Azov Sea
FOX,March_29,Mykolaiv Ukraine
FOX,Maren_15,Atlantic
FOX,Maren_15,Finland Zelenskyy
FOX,Maren_15,Europe
FOX,March_21,Kyiv Ukraine
FOX,March_24,Europe
FOX,March_29,Peninsula
FOX,March_14,Europe
FOX,March_14,Europe
FOX,March_13,Renaud
FOX,March_27,West
FOX,March_27,West
FOX,Maren_17,Europe
FOX,Maren_17,Europe
FOX,Maren_17,Europe
FOX,March_19,Kyiv Ukraine
FOX,March_13,Defeat America
FOX,March_18,the Crimean Peninsula Posted
FOX,Maren_19,West
FOX,Maren_19,West
FOX,March_28,Kyiv Ukraine
FOX,March_16,Kyiv Ukraine
FOX,March_26,Europe
FOX,March_16,Europe
FOX,March_29,Zelenskyy
FOX,March_29,the Black Sea
FOX,March_24,the Black Sea
FOX,Maren_17,Kyiv Ukraine
FOX,Maren_19,the Black Sea
FOX,March_25,Europe
FOX,March_22,Europe
FOX,March_22,Europe
FOX,March_22,Zelenskyy
FOX,March_22,Europe
FOX,March_22,West
FOX,March_22,Easter Europe
FOX,March_22,Europe
FOX,March_22,Europe
FOX,March_22,the Black Sea
FOX,March_22,West
FOX,March_22,Western Ukraine
FOX,March_18,West
FOX,March_15,Kyiv Ukraine
FOX,March_24,world mai China
FOX,March_22,Europe
FOX,March_18,MiGs
FOX,March_30,Mihailo Podolyuak
FOX,March_26,Zelenskyy
FOX,Maren_15,Europe
FOX,Maren_15,Europe
FOX,March_16,Current Russian
FOX,March_21,Defeat America
FOX,March_27,Eastern Ukraine
FOX,March_27,the Zaporizhzhia Oblast the Kviv Independent
FOX,March_13,West
FOX,March_24,Podil
FOX,March_21,Northern Ukraine
FOX,March_16,Zelenskyy
FOX,March_17,West
FOX,March_26,Whidbey Island
FOX,March_26,Lviv
FOX,March_30,Peninsula
FOX,March_14,West
FOX,March_14,Earth
FOX,March_14,Earth
FOX,March_16,Allies
FOX,March_13,Brent Renaud
FOX,Maren_15,Zelenskyy
FOX,March_26,Europe
FOX,March_26,Europe
FOX,March_26,Europe
FOX,March_26,Europe
FOX,March_25,the Black Sea
FOX,March_15,Europe
FOX,March_15,Europe
FOX,March_15,Europe
FOX,March_25,Kharkiv Ukraine
FOX,March_14,Europe
FOX,March_14,Europe
FOX,March_28,Zelenskyy
FOX,March_29,Zelenskyy
FOX,March_29,Zelenskyy
FOX,March_26,Eastern Military District
FOX,March_27,West
FOX,March_27,West
FOX,March_27,Eastern Ukraine
FOX,Maren_15,Zelenskyy
FOX,March_28,West
FOX,March_29,Zelenskyy
FOX,March_25,Europe
FOX,March_25,Europe
FOX,March_25,Europe
FOX,March_25,Europe
FOX,March_25,Europe
FOX,March_14,West
FOX,March_14,MiG- 29s
FOX,March_19,Europe
FOX,March_16,West
FOX,March_21,Europe
FOX,March_21,Europe
FOX,March_26,the Russia Wer
FOX,March_29,Kharkiv Ukraine
FOX,March_22,Europe
FOX,March_25,Snake Island
FOX,March_25,the Black Sea's
FOX,March_25,Snake Island
FOX,March_22,Europe
FOX,March_17,Europe
FOX,March_17,Europe
FOX,March_16,Zelenskyy
FOX,March_16,Europe
FOX,March_14,West
FOX,March_13,Europe
FOX,March_12,MiGs
FOX,March_25,Lviv Ukraine
FOX,March_12,Europe
FOX,Maren_17,West
FOX,March_19,Kyiv Ukrainian
FOX,March_13,the Lviv Oblast
FOX,March_14,Kyiv Ukraine
FOX,March_28,Mihailo Podolyuak
FOX,March_22,Europe
FOX,Maren_19,Azov Sea
FOX,Maren_19,the Azov Sea
FOX,Maren_19,the Azov Sea
FOX,Maren_19,Black Sea
FOX,March_26,Europe
FOX,March_16,Hawi apTunepucTu
FOX,March_17,Odesa Ukraine
FOX,March_21,Europe
FOX,March_21,Europe
FOX,March_22,Black Sea
FOX,March_27,Black Sea
FOX,Maren_19,West
FOX,March_24,Europe
FOX,March_19,Defeat America
FOX,March_22,Westem Ukraine
FOX,March_12,West
FOX,March_27,Europe
FOX,March_21,Europe
FOX,March_21,Europe
FOX,March_25,Allies
FOX,March_15,Kyiv Ukraine
FOX,March_15,Europe
FOX,March_15,Europe
FOX,March_18,the Black Sea
FOX,March_27,Lviv Ukraine
FOX,March_14,Kyiv Ukraine
FOX,March_29,Europe
FOX,March_17,West
FOX,March_17,Eastern Europe
FOX,March_18,Kyiv Ukraine
FOX,March_16,Zelenskyy
FOX,March_26,Eastern Ukraine
FOX,March_26,the Zaporizhzhia Oblast the Kviv Independent
FOX,March_18,Allies
FOX,March_22,Europe
FOX,March_22,Europe
FOX,2st_5755,Europe
FOX,2st_5755,Europe
FOX,2st_5755,Europe
FOX,2st_5755,Europe
FOX,2st_5755,Zelenskyy
FOX,2st_5755,Black Sea
FOX,2st_5755,Defeat America
FOX,March_17,Chemniiv Ukraine
FOX,March_19,West
FOX,March_25,West
FOX,March_15,North America & Europe
FOX,March_21,Middle Eastern
FOX,March_16,Zelenskyy
FOX,March_16,Kyiv Ukraine
FOX,March_27,West
FOX,March_17,Europe
FOX,March_18,MiGs
FOX,March_18,MiGs
FOX,Maren_19,Chernihiv
FOX,Maren_19,Europe
FOX,Maren_19,Central Asia
FOX,March_17,Asia Again: A Sustainable Regional Growth
FOX,March_17,Uzbekistan
FOX,March_24,Eastern Europe Posi
FOX,March_24,West
FOX,March_24,Zelenskyy
FOX,March_18,Peninsula
FOX,March_22,Zelenskyy
FOX,March_22,Zelenskyy
FOX,March_22,Europe
